{"attention_nonzero":167771911,"flops":507006761472,"power_watts":141.1,"accuracy":0.43496503496503497,"bandwidth_usage":3.90625,"mlp_sparsity":1.4044344425201416e-06,"co2_emissions":4.544419416917695,"macs":253503380736,"_timestamp":1.7335911412573361e+09,"sparsity":1.3667848285381368e-06,"parameter_count":1235746816,"throughput":35.63537769838611,"latency_ms":28.06200087070465,"attention_params":167772160,"active_parameter_count":1235745127,"mlp_params":805306368,"attention_sparsity":1.484155654929431e-06,"_runtime":290.625821731,"_step":0,"cost_per_inference":61.78726204877107,"embedding_params":262668288,"gpu_memory_mb":2366.26220703125,"cache_hits":1,"_wandb":{"runtime":312},"activation_memory_mb":2510.27001953125,"mlp_nonzero":805305237}