{
  "sparsity_target": 0.45,
  "actual_sparsity": 0.45000130789620535,
  "total_parameters": 2818572288,
  "units_zeroed": {
    "total": {
      "count": 68813,
      "parameters": 1268361216,
      "percentage": 0.45000130789620535
    },
    "attention": {
      "count": 0,
      "parameters": 0,
      "percentage": 0.0
    },
    "mlp": {
      "count": 68813,
      "parameters": 1268361216,
      "percentage": 0.6000017438616071
    }
  },
  "initial_distribution": {
    "total_units": 114912,
    "attention": {
      "units": 224,
      "parameters": 704643072
    },
    "mlp": {
      "units": 114688,
      "parameters": 2113929216
    }
  },
  "timestamp": "2024-12-27_02-29-17"
}