{
  "sparsity_target": 0.5,
  "actual_sparsity": 0.5000042093211207,
  "total_parameters": 973078528,
  "units_zeroed": {
    "total": {
      "count": 39595,
      "parameters": 486543360,
      "percentage": 0.5000042093211207
    },
    "attention": {
      "count": 0,
      "parameters": 0,
      "percentage": 0.0
    },
    "mlp": {
      "count": 39595,
      "parameters": 486543360,
      "percentage": 0.6041717529296875
    }
  },
  "initial_distribution": {
    "total_units": 65664,
    "attention": {
      "units": 128,
      "parameters": 167772160
    },
    "mlp": {
      "units": 65536,
      "parameters": 805306368
    }
  },
  "timestamp": "2025-01-01_17-14-13"
}