{"mlp_params":805306368,"power_watts":156.69,"_step":0,"attention_sparsity":1.484155654929431e-06,"compute_metrics":{"bandwidth_usage":9.765625,"cache_hits":1,"attention_nonzero":167771911,"mlp_params":805306368,"embedding_params":262668288,"active_parameter_count":1235745127,"parameter_count":1235746816,"sparsity":1.3667848285381368e-06,"flops":507006761472,"mlp_nonzero":805305237,"mlp_sparsity":1.4044344425201416e-06,"activation_memory":2510.27001953125,"attention_params":167772160,"macs":253503380736,"attention_sparsity":1.484155654929431e-06},"latency_ms":25.592967867851257,"_runtime":0.770325471,"gpu_memory_mb":2366.26220703125,"attention_nonzero":167771911,"parameter_count":1235746816,"mlp_sparsity":1.4044344425201416e-06,"embedding_params":262668288,"sparsity":1.3667848285381368e-06,"attention_params":167772160,"cost_per_inference":61.78726154736513,"bandwidth_usage":9.765625,"activation_memory_mb":2510.27001953125,"mlp_nonzero":805305237,"flops":507006761472,"accuracy":0.43496503496503497,"co2_emissions":3.9282693535113338,"active_parameter_count":1235745127,"memory_footprint":{"cpu_memory":1414.28125,"gpu_allocated":2366.26220703125,"gpu_cached":4820},"_timestamp":1.7339512784806905e+09,"macs":253503380736,"throughput":39.073233130423894,"_wandb":{"runtime":1},"cost_metrics":{"total_operation_cost":61.78725635,"inference_cost_usd":61.78726154736513,"gpu_time_cost":3.5545788705348967e-06,"memory_cost":1.6427862584489362e-06},"cache_hits":1}