{"_wandb":{"runtime":609},"gpu_memory_mb":2366.26220703125,"latency_ms":24.61312711238861,"memory_footprint":{"cpu_memory":1414.30859375,"gpu_allocated":2366.26220703125,"gpu_cached":4820},"attention_params":167772160,"_runtime":282.087058932,"_step":0,"mlp_params":805306368,"cost_per_inference":61.787261348381165,"attention_sparsity":1.484155654929431e-06,"flops":507006761472,"embedding_params":262668288,"mlp_sparsity":1.4044344425201416e-06,"accuracy":0.43496503496503497,"attention_nonzero":167771911,"bandwidth_usage":3.90625,"_timestamp":1.7335921794171417e+09,"power_watts":192.96,"cache_hits":1,"parameter_count":1235746816,"activation_memory_mb":2510.27001953125,"sparsity":1.3667848285381368e-06,"throughput":40.628726103505414,"active_parameter_count":1235745127,"co2_emissions":6.031064489898682,"macs":253503380736,"mlp_nonzero":805305237}