{
  "sparsity_target": 0.4,
  "actual_sparsity": 0.4000033674568966,
  "total_parameters": 973078528,
  "units_zeroed": {
    "total": {
      "count": 31676,
      "parameters": 389234688,
      "percentage": 0.4000033674568966
    },
    "attention": {
      "count": 0,
      "parameters": 0,
      "percentage": 0.0
    },
    "mlp": {
      "count": 31676,
      "parameters": 389234688,
      "percentage": 0.48333740234375
    }
  },
  "initial_distribution": {
    "total_units": 65664,
    "attention": {
      "units": 128,
      "parameters": 167772160
    },
    "mlp": {
      "units": 65536,
      "parameters": 805306368
    }
  },
  "timestamp": "2024-12-27_02-01-12"
}