{"mlp_nonzero":805305237,"cache_hits":1,"_wandb":{"runtime":17},"power_watts":156.69,"activation_memory_mb":2510.27001953125,"parameter_count":1235746816,"mlp_sparsity":1.4044344425201416e-06,"latency_ms":25.592967867851257,"throughput":39.073233130423894,"co2_emissions":3.9282693535113338,"attention_sparsity":1.484155654929431e-06,"_timestamp":1.7339255039305174e+09,"bandwidth_usage":9.765625,"accuracy":0.43496503496503497,"flops":507006761472,"cost_per_inference":61.78726154736513,"active_parameter_count":1235745127,"sparsity":1.3667848285381368e-06,"memory_footprint":{"gpu_allocated":2366.26220703125,"gpu_cached":4820,"cpu_memory":1414.28125},"compute_metrics":{"bandwidth_usage":9.765625,"mlp_nonzero":805305237,"attention_params":167772160,"activation_memory":2510.27001953125,"active_parameter_count":1235745127,"attention_nonzero":167771911,"sparsity":1.3667848285381368e-06,"attention_sparsity":1.484155654929431e-06,"macs":253503380736,"mlp_sparsity":1.4044344425201416e-06,"parameter_count":1235746816,"embedding_params":262668288,"cache_hits":1,"mlp_params":805306368,"flops":507006761472},"cost_metrics":{"total_operation_cost":61.78725635,"inference_cost_usd":61.78726154736513,"gpu_time_cost":3.5545788705348967e-06,"memory_cost":1.6427862584489362e-06},"mlp_params":805306368,"gpu_memory_mb":2366.26220703125,"_runtime":0.864431324,"attention_nonzero":167771911,"embedding_params":262668288,"macs":253503380736,"_step":0,"attention_params":167772160}