{
  "sparsity_target": 0.45,
  "actual_sparsity": 0.45001010237068967,
  "total_parameters": 973078528,
  "units_zeroed": {
    "total": {
      "count": 35636,
      "parameters": 437895168,
      "percentage": 0.45001010237068967
    },
    "attention": {
      "count": 0,
      "parameters": 0,
      "percentage": 0.0
    },
    "mlp": {
      "count": 35636,
      "parameters": 437895168,
      "percentage": 0.54376220703125
    }
  },
  "initial_distribution": {
    "total_units": 65664,
    "attention": {
      "units": 128,
      "parameters": 167772160
    },
    "mlp": {
      "units": 65536,
      "parameters": 805306368
    }
  },
  "timestamp": "2024-12-27_13-29-24"
}