{"active_parameter_count":1235745127,"mlp_sparsity":1.4044344425201416e-06,"parameter_count":1235746816,"_runtime":0.774305377,"cost_metrics":{"inference_cost_usd":61.78726154736513,"gpu_time_cost":3.5545788705348967e-06,"memory_cost":1.6427862584489362e-06,"total_operation_cost":61.78725635},"flops":507006761472,"_step":0,"memory_footprint":{"gpu_cached":4820,"cpu_memory":1414.28125,"gpu_allocated":2366.26220703125},"latency_ms":25.592967867851257,"attention_nonzero":167771911,"bandwidth_usage":9.765625,"activation_memory_mb":2510.27001953125,"mlp_nonzero":805305237,"accuracy":0.43496503496503497,"throughput":39.073233130423894,"_timestamp":1.7338439641015964e+09,"cache_hits":1,"macs":253503380736,"gpu_memory_mb":2366.26220703125,"attention_sparsity":1.484155654929431e-06,"embedding_params":262668288,"co2_emissions":3.9282693535113338,"sparsity":1.3667848285381368e-06,"power_watts":156.69,"compute_metrics":{"parameter_count":1235746816,"mlp_sparsity":1.4044344425201416e-06,"active_parameter_count":1235745127,"attention_sparsity":1.484155654929431e-06,"mlp_nonzero":805305237,"bandwidth_usage":9.765625,"embedding_params":262668288,"attention_nonzero":167771911,"macs":253503380736,"activation_memory":2510.27001953125,"attention_params":167772160,"sparsity":1.3667848285381368e-06,"flops":507006761472,"mlp_params":805306368,"cache_hits":1},"_wandb":{"runtime":1},"mlp_params":805306368,"attention_params":167772160,"cost_per_inference":61.78726154736513}