{"memory_footprint":{"gpu_allocated":2366.26220703125,"gpu_cached":4820,"cpu_memory":1294.15234375},"embedding_params":262668288,"compute_metrics":{"mlp_params":805306368,"attention_params":167772160,"sparsity":1.3667848285381368e-06,"flops":507006761472,"mlp_nonzero":805305237,"attention_sparsity":1.484155654929431e-06,"activation_memory":2510.27001953125,"parameter_count":1235746816,"active_parameter_count":1235745127,"mlp_sparsity":1.4044344425201416e-06,"attention_nonzero":167771911,"cache_hits":1,"embedding_params":262668288,"macs":253503380736,"bandwidth_usage":1.953125},"activation_memory_mb":2510.27001953125,"mlp_params":805306368,"gpu_memory_mb":2366.26220703125,"mlp_sparsity":1.4044344425201416e-06,"mlp_nonzero":805305237,"attention_nonzero":167771911,"cost_per_inference":61.78726164534406,"accuracy":0.43496503496503497,"throughput":38.350267130618846,"_step":0,"attention_params":167772160,"flops":507006761472,"co2_emissions":4.78547794386175,"latency_ms":26.075437664985657,"parameter_count":1235746816,"cache_hits":1,"macs":253503380736,"active_parameter_count":1235745127,"attention_sparsity":1.484155654929431e-06,"cost_metrics":{"gpu_time_cost":3.6215885645813414e-06,"memory_cost":1.6737554980049574e-06,"total_operation_cost":61.78725635,"inference_cost_usd":61.78726164534406},"sparsity":1.3667848285381368e-06,"bandwidth_usage":1.953125,"_timestamp":1.7346499848445165e+09,"power_watts":206.93,"_runtime":0.787124503,"_wandb":{"runtime":101}}