{"parameter_count":1235746816,"sparsity":1.3667848285381368e-06,"_step":0,"cost_per_inference":61.78726154736513,"gpu_memory_mb":2366.26220703125,"compute_metrics":{"mlp_nonzero":805305237,"embedding_params":262668288,"activation_memory":2510.27001953125,"mlp_params":805306368,"bandwidth_usage":9.765625,"macs":253503380736,"attention_sparsity":1.484155654929431e-06,"parameter_count":1235746816,"attention_nonzero":167771911,"flops":507006761472,"active_parameter_count":1235745127,"mlp_sparsity":1.4044344425201416e-06,"cache_hits":1,"attention_params":167772160,"sparsity":1.3667848285381368e-06},"mlp_params":805306368,"embedding_params":262668288,"co2_emissions":3.9282693535113338,"throughput":39.073233130423894,"macs":253503380736,"attention_sparsity":1.484155654929431e-06,"attention_nonzero":167771911,"memory_footprint":{"gpu_cached":4820,"cpu_memory":1414.28125,"gpu_allocated":2366.26220703125},"activation_memory_mb":2510.27001953125,"_wandb":{"runtime":6},"_timestamp":1.733937227738071e+09,"flops":507006761472,"cost_metrics":{"gpu_time_cost":3.5545788705348967e-06,"memory_cost":1.6427862584489362e-06,"total_operation_cost":61.78725635,"inference_cost_usd":61.78726154736513},"mlp_sparsity":1.4044344425201416e-06,"_runtime":0.832645447,"power_watts":156.69,"mlp_nonzero":805305237,"cache_hits":1,"active_parameter_count":1235745127,"accuracy":0.43496503496503497,"attention_params":167772160,"bandwidth_usage":9.765625,"latency_ms":25.592967867851257}