{
  "accuracy": 0.43496503496503497,
  "latency_ms": 26.548147201538086,
  "throughput_samples_per_sec": 37.66741205736814,
  "memory_footprint_mb": {
    "gpu_allocated": 2366.26220703125,
    "gpu_cached": 18908.0,
    "cpu_memory": 1397.32421875
  },
  "parameter_count": 1235814400
}