{"throughput":39.073233130423894,"sparsity":1.3667848285381368e-06,"power_watts":156.69,"bandwidth_usage":9.765625,"compute_metrics":{"flops":507006761472,"activation_memory":2510.27001953125,"active_parameter_count":1235745127,"embedding_params":262668288,"mlp_sparsity":1.4044344425201416e-06,"mlp_nonzero":805305237,"mlp_params":805306368,"sparsity":1.3667848285381368e-06,"cache_hits":1,"attention_params":167772160,"attention_sparsity":1.484155654929431e-06,"attention_nonzero":167771911,"parameter_count":1235746816,"bandwidth_usage":9.765625,"macs":253503380736},"mlp_params":805306368,"mlp_nonzero":805305237,"_runtime":0.816718276,"accuracy":0.43496503496503497,"active_parameter_count":1235745127,"_timestamp":1.733844680397118e+09,"activation_memory_mb":2510.27001953125,"cache_hits":1,"memory_footprint":{"gpu_allocated":2366.26220703125,"gpu_cached":4820,"cpu_memory":1414.28125},"attention_sparsity":1.484155654929431e-06,"_wandb":{"runtime":11},"mlp_sparsity":1.4044344425201416e-06,"attention_nonzero":167771911,"_step":0,"co2_emissions":3.9282693535113338,"parameter_count":1235746816,"embedding_params":262668288,"gpu_memory_mb":2366.26220703125,"cost_metrics":{"gpu_time_cost":3.5545788705348967e-06,"memory_cost":1.6427862584489362e-06,"total_operation_cost":61.78725635,"inference_cost_usd":61.78726154736513},"cost_per_inference":61.78726154736513,"flops":507006761472,"attention_params":167772160,"latency_ms":25.592967867851257,"macs":253503380736}