{
  "sparsity_target": 0.25,
  "actual_sparsity": 0.25000435965401785,
  "total_parameters": 2818572288,
  "units_zeroed": {
    "total": {
      "count": 38230,
      "parameters": 704655360,
      "percentage": 0.25000435965401785
    },
    "attention": {
      "count": 0,
      "parameters": 0,
      "percentage": 0.0
    },
    "mlp": {
      "count": 38230,
      "parameters": 704655360,
      "percentage": 0.33333914620535715
    }
  },
  "initial_distribution": {
    "total_units": 114912,
    "attention": {
      "units": 224,
      "parameters": 704643072
    },
    "mlp": {
      "units": 114688,
      "parameters": 2113929216
    }
  },
  "timestamp": "2024-12-27_13-40-25"
}