{"active_parameter_count":1235745127,"bandwidth_usage":1.953125,"gpu_memory_mb":2366.26220703125,"parameter_count":1235746816,"compute_metrics":{"mlp_nonzero":805305237,"attention_sparsity":1.484155654929431e-06,"sparsity":1.3667848285381368e-06,"attention_nonzero":167771911,"embedding_params":262668288,"flops":507006761472,"mlp_params":805306368,"activation_memory":2510.27001953125,"parameter_count":1235746816,"cache_hits":1,"bandwidth_usage":1.953125,"active_parameter_count":1235745127,"attention_params":167772160,"macs":253503380736,"mlp_sparsity":1.4044344425201416e-06},"cost_metrics":{"inference_cost_usd":61.78726164534406,"gpu_time_cost":3.6215885645813414e-06,"memory_cost":1.6737554980049574e-06,"total_operation_cost":61.78725635},"cost_per_inference":61.78726164534406,"macs":253503380736,"attention_sparsity":1.484155654929431e-06,"accuracy":0.43496503496503497,"memory_footprint":{"gpu_cached":4820,"cpu_memory":1294.15234375,"gpu_allocated":2366.26220703125},"power_watts":206.93,"attention_params":167772160,"_step":0,"activation_memory_mb":2510.27001953125,"mlp_nonzero":805305237,"throughput":38.350267130618846,"mlp_params":805306368,"cache_hits":1,"mlp_sparsity":1.4044344425201416e-06,"sparsity":1.3667848285381368e-06,"_timestamp":1.7347043658212552e+09,"flops":507006761472,"attention_nonzero":167771911,"_runtime":0.925154696,"embedding_params":262668288,"latency_ms":26.075437664985657,"_wandb":{"runtime":31},"co2_emissions":4.78547794386175}