{
  "sparsity_target": 0.3,
  "actual_sparsity": 0.30000252559267243,
  "total_parameters": 973078528,
  "units_zeroed": {
    "total": {
      "count": 23757,
      "parameters": 291926016,
      "percentage": 0.30000252559267243
    },
    "attention": {
      "count": 0,
      "parameters": 0,
      "percentage": 0.0
    },
    "mlp": {
      "count": 23757,
      "parameters": 291926016,
      "percentage": 0.3625030517578125
    }
  },
  "initial_distribution": {
    "total_units": 65664,
    "attention": {
      "units": 128,
      "parameters": 167772160
    },
    "mlp": {
      "units": 65536,
      "parameters": 805306368
    }
  },
  "timestamp": "2024-12-27_02-00-27"
}