{"pruning_summary":{"total_units_pruned":1,"memory_reduction_mb":96,"performance_impact":0,"computational_savings":{"cost_reduction":4.07297395559419,"co2_reduction":-44.651122528925335,"flops_reduction":5.082726882217954,"active_parameter_reduction":4.072974183777623,"latency_reduction":2.6091766301895474,"throughput_improvement":2.6790785208602683},"layer_statistics":{"15":{"mlp_units":{"remaining":1023,"prune_ratio":0.0009765625,"pruned":1,"total":1024},"memory_saved":96,"attention_units":{"pruned":0,"total":8,"remaining":8,"prune_ratio":0}}},"batch_statistics":[{"units_pruned":1,"accuracy":0.43496503496503497,"accuracy_drop":0,"memory_reduction":96,"remaining_memory":2270.26220703125,"batch_number":1}]},"sparsity":1.3667848285381368e-06,"attention_params":167772160,"final_metrics":{"throughput":40.12003572662674,"parameter_count":1235746816,"active_parameter_count":1185413547,"compute_metrics":{"active_parameter_count":1185413547,"macs":240618496256,"activation_memory":2606.27001953125,"attention_nonzero":167771911,"sparsity":0.04073105295381152,"embedding_params":262668288,"attention_sparsity":1.484155654929431e-06,"mlp_params":805306368,"mlp_nonzero":754973657,"mlp_sparsity":0.06250131999452913,"parameter_count":1235746816,"attention_params":167772160,"bandwidth_usage":10.7421875,"cache_hits":1,"flops":481236992512},"cost_metrics":{"gpu_time_cost":3.461833629343245e-06,"memory_cost":1.6648324438597073e-06,"total_operation_cost":59.27067735000001,"inference_cost_usd":59.27068247666608},"memory_footprint":{"gpu_cached":4906,"cpu_memory":1507.75390625,"gpu_allocated":2462.26220703125},"accuracy":0.43496503496503497,"latency":24.925202131271362},"memory_footprint":{"gpu_allocated":2366.26220703125,"gpu_cached":4820,"cpu_memory":1414.28125},"gpu_memory_mb":2366.26220703125,"co2_emissions":3.9282693535113338,"_timestamp":1.7335955983251967e+09,"_runtime":671.53356706,"latency_ms":25.592967867851257,"parameter_count":1235746816,"activation_memory_mb":2510.27001953125,"attention_sparsity":1.484155654929431e-06,"cache_hits":1,"cost_per_inference":61.78726154736513,"macs":253503380736,"_wandb":{"runtime":671},"mlp_nonzero":805305237,"embedding_params":262668288,"cost_metrics":{"gpu_time_cost":3.5545788705348967e-06,"memory_cost":1.6427862584489362e-06,"total_operation_cost":61.78725635,"inference_cost_usd":61.78726154736513},"power_watts":156.69,"compute_metrics":{"activation_memory":2510.27001953125,"mlp_nonzero":805305237,"attention_sparsity":1.484155654929431e-06,"parameter_count":1235746816,"bandwidth_usage":9.765625,"attention_nonzero":167771911,"flops":507006761472,"active_parameter_count":1235745127,"attention_params":167772160,"sparsity":1.3667848285381368e-06,"mlp_sparsity":1.4044344425201416e-06,"macs":253503380736,"embedding_params":262668288,"mlp_params":805306368,"cache_hits":1},"active_parameter_count":1235745127,"_step":1,"bandwidth_usage":9.765625,"throughput":39.073233130423894,"initial_metrics":{"active_parameter_count":1235745127,"compute_metrics":{"mlp_sparsity":1.4044344425201416e-06,"sparsity":1.3667848285381368e-06,"embedding_params":262668288,"mlp_nonzero":805305237,"attention_sparsity":1.484155654929431e-06,"bandwidth_usage":9.765625,"mlp_params":805306368,"active_parameter_count":1235745127,"attention_nonzero":167771911,"activation_memory":2510.27001953125,"macs":253503380736,"parameter_count":1235746816,"attention_params":167772160,"flops":507006761472,"cache_hits":1},"cost_metrics":{"inference_cost_usd":61.78726154736513,"gpu_time_cost":3.5545788705348967e-06,"memory_cost":1.6427862584489362e-06,"total_operation_cost":61.78725635},"memory_footprint":{"gpu_cached":4820,"cpu_memory":1414.28125,"gpu_allocated":2366.26220703125},"accuracy":0.43496503496503497,"latency":25.592967867851257,"throughput":39.073233130423894,"parameter_count":1235746816},"attention_nonzero":167771911,"accuracy":0.43496503496503497,"mlp_sparsity":1.4044344425201416e-06,"mlp_params":805306368,"flops":507006761472}