{
  "sparsity_target": 0.1,
  "actual_sparsity": 0.10000174386160714,
  "total_parameters": 2818572288,
  "units_zeroed": {
    "total": {
      "count": 15292,
      "parameters": 281862144,
      "percentage": 0.10000174386160714
    },
    "attention": {
      "count": 0,
      "parameters": 0,
      "percentage": 0.0
    },
    "mlp": {
      "count": 15292,
      "parameters": 281862144,
      "percentage": 0.13333565848214285
    }
  },
  "initial_distribution": {
    "total_units": 114912,
    "attention": {
      "units": 224,
      "parameters": 704643072
    },
    "mlp": {
      "units": 114688,
      "parameters": 2113929216
    }
  },
  "timestamp": "2024-12-27_13-38-03"
}