{"_wandb":{"runtime":15},"accuracy":0.43496503496503497,"latency_ms":25.592967867851257,"co2_emissions":3.9282693535113338,"_step":0,"flops":507006761472,"embedding_params":262668288,"parameter_count":1235746816,"cost_per_inference":61.78726154736513,"bandwidth_usage":9.765625,"memory_footprint":{"gpu_allocated":2366.26220703125,"gpu_cached":4820,"cpu_memory":1414.28125},"macs":253503380736,"attention_sparsity":1.484155654929431e-06,"activation_memory_mb":2510.27001953125,"attention_params":167772160,"_runtime":0.842125492,"cache_hits":1,"throughput":39.073233130423894,"power_watts":156.69,"mlp_nonzero":805305237,"gpu_memory_mb":2366.26220703125,"compute_metrics":{"activation_memory":2510.27001953125,"attention_params":167772160,"embedding_params":262668288,"macs":253503380736,"sparsity":1.3667848285381368e-06,"flops":507006761472,"attention_nonzero":167771911,"mlp_params":805306368,"mlp_sparsity":1.4044344425201416e-06,"bandwidth_usage":9.765625,"active_parameter_count":1235745127,"cache_hits":1,"mlp_nonzero":805305237,"parameter_count":1235746816,"attention_sparsity":1.484155654929431e-06},"mlp_sparsity":1.4044344425201416e-06,"_timestamp":1.733953870282953e+09,"active_parameter_count":1235745127,"mlp_params":805306368,"attention_nonzero":167771911,"cost_metrics":{"gpu_time_cost":3.5545788705348967e-06,"memory_cost":1.6427862584489362e-06,"total_operation_cost":61.78725635,"inference_cost_usd":61.78726154736513},"sparsity":1.3667848285381368e-06}