{"throughput":39.073233130423894,"latency_ms":25.592967867851257,"attention_nonzero":167771911,"gpu_memory_mb":2366.26220703125,"_runtime":1.278076375,"_step":0,"macs":253503380736,"mlp_params":805306368,"co2_emissions":3.9282693535113338,"sparsity":1.3667848285381368e-06,"embedding_params":262668288,"_timestamp":1.7339327659835503e+09,"power_watts":156.69,"activation_memory_mb":2510.27001953125,"compute_metrics":{"attention_sparsity":1.484155654929431e-06,"mlp_sparsity":1.4044344425201416e-06,"flops":507006761472,"bandwidth_usage":9.765625,"attention_nonzero":167771911,"macs":253503380736,"activation_memory":2510.27001953125,"cache_hits":1,"parameter_count":1235746816,"embedding_params":262668288,"mlp_params":805306368,"active_parameter_count":1235745127,"attention_params":167772160,"mlp_nonzero":805305237,"sparsity":1.3667848285381368e-06},"cost_metrics":{"total_operation_cost":61.78725635,"inference_cost_usd":61.78726154736513,"gpu_time_cost":3.5545788705348967e-06,"memory_cost":1.6427862584489362e-06},"cost_per_inference":61.78726154736513,"mlp_sparsity":1.4044344425201416e-06,"attention_sparsity":1.484155654929431e-06,"flops":507006761472,"attention_params":167772160,"_wandb":{"runtime":1},"parameter_count":1235746816,"mlp_nonzero":805305237,"memory_footprint":{"gpu_allocated":2366.26220703125,"gpu_cached":4820,"cpu_memory":1414.28125},"cache_hits":1,"accuracy":0.43496503496503497,"bandwidth_usage":9.765625,"active_parameter_count":1235745127}