{
  "attn_0_5": {
    "importance_score": 6.454730430231543,
    "layer_idx": 0,
    "head_idx": 5
  },
  "attn_0_0": {
    "importance_score": 1.9021000723930817,
    "layer_idx": 0,
    "head_idx": 0
  },
  "mlp_0_5": {
    "importance_score": 1.4616230696485142,
    "layer_idx": 0,
    "head_idx": 5
  },
  "mlp_0_45": {
    "importance_score": 1.1484885076496287,
    "layer_idx": 0,
    "head_idx": 45
  },
  "mlp_0_55": {
    "importance_score": 1.1101884469750343,
    "layer_idx": 0,
    "head_idx": 55
  },
  "mlp_0_12": {
    "importance_score": 1.060524632034351,
    "layer_idx": 0,
    "head_idx": 12
  },
  "attn_0_2": {
    "importance_score": 0.9788213432601117,
    "layer_idx": 0,
    "head_idx": 2
  },
  "mlp_0_21": {
    "importance_score": 0.8353539456507441,
    "layer_idx": 0,
    "head_idx": 21
  },
  "mlp_0_51": {
    "importance_score": 0.7046707715907248,
    "layer_idx": 0,
    "head_idx": 51
  },
  "mlp_0_24": {
    "importance_score": 0.6928861375370035,
    "layer_idx": 0,
    "head_idx": 24
  },
  "mlp_0_18": {
    "importance_score": 0.6663707109161303,
    "layer_idx": 0,
    "head_idx": 18
  },
  "mlp_0_42": {
    "importance_score": 0.6042909422402761,
    "layer_idx": 0,
    "head_idx": 42
  },
  "mlp_0_46": {
    "importance_score": 0.44288354368305544,
    "layer_idx": 0,
    "head_idx": 46
  },
  "mlp_0_13": {
    "importance_score": 0.4094236005662389,
    "layer_idx": 0,
    "head_idx": 13
  },
  "mlp_0_43": {
    "importance_score": 0.40184776438884673,
    "layer_idx": 0,
    "head_idx": 43
  },
  "mlp_0_49": {
    "importance_score": 0.34229327443878954,
    "layer_idx": 0,
    "head_idx": 49
  },
  "mlp_0_57": {
    "importance_score": 0.3309295201727008,
    "layer_idx": 0,
    "head_idx": 57
  },
  "mlp_0_54": {
    "importance_score": 0.3031514541889291,
    "layer_idx": 0,
    "head_idx": 54
  },
  "mlp_0_28": {
    "importance_score": 0.2669557924524983,
    "layer_idx": 0,
    "head_idx": 28
  },
  "attn_0_1": {
    "importance_score": 0.18420030420917768,
    "layer_idx": 0,
    "head_idx": 1
  },
  "mlp_0_33": {
    "importance_score": 0.17920235673103688,
    "layer_idx": 0,
    "head_idx": 33
  },
  "mlp_0_31": {
    "importance_score": 0.1777292774743221,
    "layer_idx": 0,
    "head_idx": 31
  },
  "mlp_0_0": {
    "importance_score": 0.12869678221508768,
    "layer_idx": 0,
    "head_idx": 0
  },
  "mlp_0_59": {
    "importance_score": 0.11796434763044866,
    "layer_idx": 0,
    "head_idx": 59
  },
  "mlp_0_10": {
    "importance_score": 0.11670170826755012,
    "layer_idx": 0,
    "head_idx": 10
  },
  "mlp_0_3": {
    "importance_score": 0.06914229226503052,
    "layer_idx": 0,
    "head_idx": 3
  },
  "mlp_0_39": {
    "importance_score": 0.03883894755546176,
    "layer_idx": 0,
    "head_idx": 39
  },
  "mlp_0_1": {
    "importance_score": -0.006826509402709562,
    "layer_idx": 0,
    "head_idx": 1
  },
  "mlp_0_35": {
    "importance_score": -0.01692762430589883,
    "layer_idx": 0,
    "head_idx": 35
  },
  "mlp_0_2": {
    "importance_score": -0.01755894398734858,
    "layer_idx": 0,
    "head_idx": 2
  },
  "mlp_0_47": {
    "importance_score": -0.04175953177624091,
    "layer_idx": 0,
    "head_idx": 47
  },
  "mlp_0_23": {
    "importance_score": -0.058173843493924786,
    "layer_idx": 0,
    "head_idx": 23
  },
  "mlp_0_25": {
    "importance_score": -0.060909562113538124,
    "layer_idx": 0,
    "head_idx": 25
  },
  "mlp_0_52": {
    "importance_score": -0.07269419616725942,
    "layer_idx": 0,
    "head_idx": 52
  },
  "mlp_0_16": {
    "importance_score": -0.0960530243808867,
    "layer_idx": 0,
    "head_idx": 16
  },
  "mlp_0_22": {
    "importance_score": -0.09710522384996896,
    "layer_idx": 0,
    "head_idx": 22
  },
  "mlp_0_56": {
    "importance_score": -0.11351953556765189,
    "layer_idx": 0,
    "head_idx": 56
  },
  "attn_0_6": {
    "importance_score": -0.1524772209104237,
    "layer_idx": 0,
    "head_idx": 6
  },
  "mlp_0_40": {
    "importance_score": -0.19832681277568365,
    "layer_idx": 0,
    "head_idx": 40
  },
  "mlp_0_29": {
    "importance_score": -0.1995894521385822,
    "layer_idx": 0,
    "head_idx": 29
  },
  "mlp_0_36": {
    "importance_score": -0.20085209150148073,
    "layer_idx": 0,
    "head_idx": 36
  },
  "mlp_0_34": {
    "importance_score": -0.2719807756114429,
    "layer_idx": 0,
    "head_idx": 34
  },
  "mlp_0_17": {
    "importance_score": -0.28881596711675933,
    "layer_idx": 0,
    "head_idx": 17
  },
  "attn_0_4": {
    "importance_score": -0.2982594573517722,
    "layer_idx": 0,
    "head_idx": 4
  },
  "mlp_0_15": {
    "importance_score": -0.2997588415952146,
    "layer_idx": 0,
    "head_idx": 15
  },
  "mlp_0_7": {
    "importance_score": -0.3210132708706764,
    "layer_idx": 0,
    "head_idx": 7
  },
  "mlp_0_48": {
    "importance_score": -0.3210132708706764,
    "layer_idx": 0,
    "head_idx": 48
  },
  "mlp_0_20": {
    "importance_score": -0.3294308666233346,
    "layer_idx": 0,
    "head_idx": 20
  },
  "mlp_0_14": {
    "importance_score": -0.3551045336689427,
    "layer_idx": 0,
    "head_idx": 14
  },
  "mlp_0_11": {
    "importance_score": -0.39087931561774003,
    "layer_idx": 0,
    "head_idx": 11
  },
  "mlp_0_30": {
    "importance_score": -0.40161175020237905,
    "layer_idx": 0,
    "head_idx": 30
  },
  "mlp_0_32": {
    "importance_score": -0.40403180898126845,
    "layer_idx": 0,
    "head_idx": 32
  },
  "mlp_0_60": {
    "importance_score": -0.4087667065921387,
    "layer_idx": 0,
    "head_idx": 60
  },
  "mlp_0_37": {
    "importance_score": -0.42791673692943594,
    "layer_idx": 0,
    "head_idx": 37
  },
  "mlp_0_58": {
    "importance_score": -0.45885140132045443,
    "layer_idx": 0,
    "head_idx": 58
  },
  "mlp_0_63": {
    "importance_score": -0.46200799972770124,
    "layer_idx": 0,
    "head_idx": 63
  },
  "mlp_0_41": {
    "importance_score": -0.47337175399379,
    "layer_idx": 0,
    "head_idx": 41
  },
  "mlp_0_8": {
    "importance_score": -0.4853668279413285,
    "layer_idx": 0,
    "head_idx": 8
  },
  "mlp_0_50": {
    "importance_score": -0.5684905859988283,
    "layer_idx": 0,
    "head_idx": 50
  },
  "mlp_0_61": {
    "importance_score": -0.6617154589595173,
    "layer_idx": 0,
    "head_idx": 61
  },
  "mlp_0_44": {
    "importance_score": -0.702751238253726,
    "layer_idx": 0,
    "head_idx": 44
  },
  "mlp_0_9": {
    "importance_score": -0.7677771654430108,
    "layer_idx": 0,
    "head_idx": 9
  },
  "mlp_0_62": {
    "importance_score": -0.8018684282412761,
    "layer_idx": 0,
    "head_idx": 62
  },
  "mlp_0_26": {
    "importance_score": -0.8086025048434032,
    "layer_idx": 0,
    "head_idx": 26
  },
  "mlp_0_53": {
    "importance_score": -0.9625392871701404,
    "layer_idx": 0,
    "head_idx": 53
  },
  "mlp_0_38": {
    "importance_score": -1.0069421047654121,
    "layer_idx": 0,
    "head_idx": 38
  },
  "mlp_0_6": {
    "importance_score": -1.0097830433319341,
    "layer_idx": 0,
    "head_idx": 6
  },
  "mlp_0_4": {
    "importance_score": -1.012939641739181,
    "layer_idx": 0,
    "head_idx": 4
  },
  "mlp_0_19": {
    "importance_score": -1.1670868639597343,
    "layer_idx": 0,
    "head_idx": 19
  },
  "mlp_0_27": {
    "importance_score": -1.1806602371108952,
    "layer_idx": 0,
    "head_idx": 27
  },
  "attn_0_3": {
    "importance_score": -1.1937601205009702,
    "layer_idx": 0,
    "head_idx": 3
  },
  "attn_0_7": {
    "importance_score": -1.5541384386616497,
    "layer_idx": 0,
    "head_idx": 7
  }
}