{
  "mlp_15_5": {
    "importance_score": 1.0,
    "layer_idx": 15,
    "head_idx": 5
  },
  "attn_15_3": {
    "importance_score": 0.3805834510648883,
    "layer_idx": 15,
    "head_idx": 3
  },
  "mlp_15_2": {
    "importance_score": 0.2717954230039648,
    "layer_idx": 15,
    "head_idx": 2
  },
  "mlp_15_8": {
    "importance_score": 0.1374974537122406,
    "layer_idx": 15,
    "head_idx": 8
  },
  "mlp_15_15": {
    "importance_score": 0.13471004262166367,
    "layer_idx": 15,
    "head_idx": 15
  },
  "mlp_15_31": {
    "importance_score": 0.13140297804207138,
    "layer_idx": 15,
    "head_idx": 31
  },
  "mlp_15_6": {
    "importance_score": 0.12891608435540602,
    "layer_idx": 15,
    "head_idx": 6
  },
  "mlp_15_51": {
    "importance_score": 0.1207470702480321,
    "layer_idx": 15,
    "head_idx": 51
  },
  "mlp_15_57": {
    "importance_score": 0.11883434811244163,
    "layer_idx": 15,
    "head_idx": 57
  },
  "mlp_15_34": {
    "importance_score": 0.11694999266679032,
    "layer_idx": 15,
    "head_idx": 34
  },
  "mlp_15_11": {
    "importance_score": 0.11481318620126425,
    "layer_idx": 15,
    "head_idx": 11
  },
  "mlp_15_61": {
    "importance_score": 0.11126066176563866,
    "layer_idx": 15,
    "head_idx": 61
  },
  "mlp_15_35": {
    "importance_score": 0.11021190243470103,
    "layer_idx": 15,
    "head_idx": 35
  },
  "mlp_15_9": {
    "importance_score": 0.10662547335856122,
    "layer_idx": 15,
    "head_idx": 9
  },
  "mlp_15_43": {
    "importance_score": 0.10521030615656485,
    "layer_idx": 15,
    "head_idx": 43
  },
  "mlp_15_59": {
    "importance_score": 0.10383698646088997,
    "layer_idx": 15,
    "head_idx": 59
  },
  "mlp_15_7": {
    "importance_score": 0.10129283435535512,
    "layer_idx": 15,
    "head_idx": 7
  },
  "mlp_15_38": {
    "importance_score": 0.09785684848779772,
    "layer_idx": 15,
    "head_idx": 38
  },
  "mlp_15_50": {
    "importance_score": 0.09754650077445179,
    "layer_idx": 15,
    "head_idx": 50
  },
  "mlp_15_42": {
    "importance_score": 0.09467176136288807,
    "layer_idx": 15,
    "head_idx": 42
  },
  "mlp_15_36": {
    "importance_score": 0.09466771308662053,
    "layer_idx": 15,
    "head_idx": 36
  },
  "mlp_15_49": {
    "importance_score": 0.09287454904365275,
    "layer_idx": 15,
    "head_idx": 49
  },
  "mlp_15_18": {
    "importance_score": 0.08991627835015864,
    "layer_idx": 15,
    "head_idx": 18
  },
  "mlp_15_37": {
    "importance_score": 0.08735458655763365,
    "layer_idx": 15,
    "head_idx": 37
  },
  "mlp_15_20": {
    "importance_score": 0.08597759654221869,
    "layer_idx": 15,
    "head_idx": 20
  },
  "mlp_15_40": {
    "importance_score": 0.0830860679907552,
    "layer_idx": 15,
    "head_idx": 40
  },
  "mlp_15_32": {
    "importance_score": 0.08140939147039816,
    "layer_idx": 15,
    "head_idx": 32
  },
  "mlp_15_13": {
    "importance_score": 0.07975164813674367,
    "layer_idx": 15,
    "head_idx": 13
  },
  "mlp_15_53": {
    "importance_score": 0.07894753647495129,
    "layer_idx": 15,
    "head_idx": 53
  },
  "mlp_15_0": {
    "importance_score": 0.07879012466709624,
    "layer_idx": 15,
    "head_idx": 0
  },
  "mlp_15_17": {
    "importance_score": 0.07617384725639417,
    "layer_idx": 15,
    "head_idx": 17
  },
  "mlp_15_39": {
    "importance_score": 0.07605157219706324,
    "layer_idx": 15,
    "head_idx": 39
  },
  "mlp_15_3": {
    "importance_score": 0.0756452130689954,
    "layer_idx": 15,
    "head_idx": 3
  },
  "mlp_15_1": {
    "importance_score": 0.07475540227560154,
    "layer_idx": 15,
    "head_idx": 1
  },
  "mlp_15_26": {
    "importance_score": 0.0728256901204134,
    "layer_idx": 15,
    "head_idx": 26
  },
  "mlp_15_54": {
    "importance_score": 0.0719721737479943,
    "layer_idx": 15,
    "head_idx": 54
  },
  "mlp_15_25": {
    "importance_score": 0.07194524609967164,
    "layer_idx": 15,
    "head_idx": 25
  },
  "mlp_15_56": {
    "importance_score": 0.07130087741335149,
    "layer_idx": 15,
    "head_idx": 56
  },
  "mlp_15_21": {
    "importance_score": 0.06980609085515758,
    "layer_idx": 15,
    "head_idx": 21
  },
  "mlp_15_22": {
    "importance_score": 0.0686714480235807,
    "layer_idx": 15,
    "head_idx": 22
  },
  "mlp_15_45": {
    "importance_score": 0.06836314942074193,
    "layer_idx": 15,
    "head_idx": 45
  },
  "attn_15_2": {
    "importance_score": 0.06747180492461367,
    "layer_idx": 15,
    "head_idx": 2
  },
  "mlp_15_4": {
    "importance_score": 0.06637483969456137,
    "layer_idx": 15,
    "head_idx": 4
  },
  "mlp_15_19": {
    "importance_score": 0.0661016962771505,
    "layer_idx": 15,
    "head_idx": 19
  },
  "mlp_15_27": {
    "importance_score": 0.06539892044278442,
    "layer_idx": 15,
    "head_idx": 27
  },
  "mlp_15_30": {
    "importance_score": 0.06455812291978409,
    "layer_idx": 15,
    "head_idx": 30
  },
  "mlp_15_48": {
    "importance_score": 0.06369807052738698,
    "layer_idx": 15,
    "head_idx": 48
  },
  "mlp_15_12": {
    "importance_score": 0.06244165717473404,
    "layer_idx": 15,
    "head_idx": 12
  },
  "mlp_15_55": {
    "importance_score": 0.06108815646267605,
    "layer_idx": 15,
    "head_idx": 55
  },
  "mlp_15_23": {
    "importance_score": 0.06044432031393854,
    "layer_idx": 15,
    "head_idx": 23
  },
  "mlp_15_16": {
    "importance_score": 0.05696070855299689,
    "layer_idx": 15,
    "head_idx": 16
  },
  "mlp_15_10": {
    "importance_score": 0.05672508395959597,
    "layer_idx": 15,
    "head_idx": 10
  },
  "mlp_15_62": {
    "importance_score": 0.05658299363154671,
    "layer_idx": 15,
    "head_idx": 62
  },
  "mlp_15_44": {
    "importance_score": 0.05628790507026466,
    "layer_idx": 15,
    "head_idx": 44
  },
  "mlp_15_47": {
    "importance_score": 0.05597743050001362,
    "layer_idx": 15,
    "head_idx": 47
  },
  "mlp_15_28": {
    "importance_score": 0.0542251200216294,
    "layer_idx": 15,
    "head_idx": 28
  },
  "mlp_15_14": {
    "importance_score": 0.054095331373653736,
    "layer_idx": 15,
    "head_idx": 14
  },
  "mlp_15_41": {
    "importance_score": 0.05190201449095508,
    "layer_idx": 15,
    "head_idx": 41
  },
  "mlp_15_33": {
    "importance_score": 0.0506374685374925,
    "layer_idx": 15,
    "head_idx": 33
  },
  "mlp_15_63": {
    "importance_score": 0.050156342605024766,
    "layer_idx": 15,
    "head_idx": 63
  },
  "mlp_15_52": {
    "importance_score": 0.04969160976299768,
    "layer_idx": 15,
    "head_idx": 52
  },
  "mlp_15_60": {
    "importance_score": 0.048714449735114254,
    "layer_idx": 15,
    "head_idx": 60
  },
  "mlp_15_24": {
    "importance_score": 0.04837148108507684,
    "layer_idx": 15,
    "head_idx": 24
  },
  "mlp_15_46": {
    "importance_score": 0.04788527585441276,
    "layer_idx": 15,
    "head_idx": 46
  },
  "mlp_15_29": {
    "importance_score": 0.04608430054935754,
    "layer_idx": 15,
    "head_idx": 29
  },
  "mlp_15_58": {
    "importance_score": 0.04289411844112445,
    "layer_idx": 15,
    "head_idx": 58
  },
  "attn_15_5": {
    "importance_score": 0.03623956499451893,
    "layer_idx": 15,
    "head_idx": 5
  },
  "attn_15_0": {
    "importance_score": 0.029131254235981834,
    "layer_idx": 15,
    "head_idx": 0
  },
  "attn_15_4": {
    "importance_score": 0.025186690264600995,
    "layer_idx": 15,
    "head_idx": 4
  },
  "attn_15_6": {
    "importance_score": 0.024750714658418854,
    "layer_idx": 15,
    "head_idx": 6
  },
  "attn_15_7": {
    "importance_score": 0.011337645882895469,
    "layer_idx": 15,
    "head_idx": 7
  },
  "attn_15_1": {
    "importance_score": 0.007220972511823022,
    "layer_idx": 15,
    "head_idx": 1
  }
}