{
  "attn_0_5": {
    "importance_score": 1.0,
    "layer_idx": 0,
    "head_idx": 5
  },
  "attn_0_0": {
    "importance_score": 0.6404297799214658,
    "layer_idx": 0,
    "head_idx": 0
  },
  "mlp_0_5": {
    "importance_score": 0.6059589729114954,
    "layer_idx": 0,
    "head_idx": 5
  },
  "mlp_0_45": {
    "importance_score": 0.5811866475173714,
    "layer_idx": 0,
    "head_idx": 45
  },
  "mlp_0_55": {
    "importance_score": 0.5781980291722357,
    "layer_idx": 0,
    "head_idx": 55
  },
  "mlp_0_12": {
    "importance_score": 0.5742630150178071,
    "layer_idx": 0,
    "head_idx": 12
  },
  "attn_0_2": {
    "importance_score": 0.5678623907286418,
    "layer_idx": 0,
    "head_idx": 2
  },
  "mlp_0_21": {
    "importance_score": 0.5565969599110056,
    "layer_idx": 0,
    "head_idx": 21
  },
  "mlp_0_51": {
    "importance_score": 0.5462198128792847,
    "layer_idx": 0,
    "head_idx": 51
  },
  "mlp_0_24": {
    "importance_score": 0.545323227375744,
    "layer_idx": 0,
    "head_idx": 24
  },
  "mlp_0_18": {
    "importance_score": 0.5432644014046506,
    "layer_idx": 0,
    "head_idx": 18
  },
  "mlp_0_42": {
    "importance_score": 0.538382991440929,
    "layer_idx": 0,
    "head_idx": 42
  },
  "mlp_0_46": {
    "importance_score": 0.5256979669093534,
    "layer_idx": 0,
    "head_idx": 46
  },
  "mlp_0_13": {
    "importance_score": 0.52297500352823,
    "layer_idx": 0,
    "head_idx": 13
  },
  "mlp_0_43": {
    "importance_score": 0.5224436936002058,
    "layer_idx": 0,
    "head_idx": 43
  },
  "mlp_0_49": {
    "importance_score": 0.5176453008127381,
    "layer_idx": 0,
    "head_idx": 49
  },
  "mlp_0_57": {
    "importance_score": 0.5167321118739466,
    "layer_idx": 0,
    "head_idx": 57
  },
  "mlp_0_54": {
    "importance_score": 0.5144906481150949,
    "layer_idx": 0,
    "head_idx": 54
  },
  "mlp_0_28": {
    "importance_score": 0.5116514606872161,
    "layer_idx": 0,
    "head_idx": 28
  },
  "attn_0_1": {
    "importance_score": 0.5052051769511112,
    "layer_idx": 0,
    "head_idx": 1
  },
  "mlp_0_33": {
    "importance_score": 0.5047942419286551,
    "layer_idx": 0,
    "head_idx": 33
  },
  "mlp_0_31": {
    "importance_score": 0.5046282075761475,
    "layer_idx": 0,
    "head_idx": 31
  },
  "mlp_0_0": {
    "importance_score": 0.5007762105979727,
    "layer_idx": 0,
    "head_idx": 0
  },
  "mlp_0_59": {
    "importance_score": 0.499946038835435,
    "layer_idx": 0,
    "head_idx": 59
  },
  "mlp_0_10": {
    "importance_score": 0.4997800044829275,
    "layer_idx": 0,
    "head_idx": 10
  },
  "mlp_0_3": {
    "importance_score": 0.496110645292511,
    "layer_idx": 0,
    "head_idx": 3
  },
  "mlp_0_39": {
    "importance_score": 0.49370314718115177,
    "layer_idx": 0,
    "head_idx": 39
  },
  "mlp_0_1": {
    "importance_score": 0.49018321890799205,
    "layer_idx": 0,
    "head_idx": 1
  },
  "mlp_0_2": {
    "importance_score": 0.4893032368397021,
    "layer_idx": 0,
    "head_idx": 2
  },
  "mlp_0_35": {
    "importance_score": 0.4892368230986991,
    "layer_idx": 0,
    "head_idx": 35
  },
  "mlp_0_47": {
    "importance_score": 0.48732742804486245,
    "layer_idx": 0,
    "head_idx": 47
  },
  "mlp_0_23": {
    "importance_score": 0.4859161360485484,
    "layer_idx": 0,
    "head_idx": 23
  },
  "mlp_0_25": {
    "importance_score": 0.4857833085665424,
    "layer_idx": 0,
    "head_idx": 25
  },
  "mlp_0_52": {
    "importance_score": 0.4849697402392555,
    "layer_idx": 0,
    "head_idx": 52
  },
  "mlp_0_16": {
    "importance_score": 0.4830935520559203,
    "layer_idx": 0,
    "head_idx": 16
  },
  "mlp_0_22": {
    "importance_score": 0.48294412113866353,
    "layer_idx": 0,
    "head_idx": 22
  },
  "mlp_0_56": {
    "importance_score": 0.48166565662435556,
    "layer_idx": 0,
    "head_idx": 56
  },
  "attn_0_6": {
    "importance_score": 0.4784611936209601,
    "layer_idx": 0,
    "head_idx": 6
  },
  "mlp_0_40": {
    "importance_score": 0.47490805847729894,
    "layer_idx": 0,
    "head_idx": 40
  },
  "mlp_0_29": {
    "importance_score": 0.47485824817154665,
    "layer_idx": 0,
    "head_idx": 29
  },
  "mlp_0_36": {
    "importance_score": 0.4745759897722839,
    "layer_idx": 0,
    "head_idx": 36
  },
  "mlp_0_34": {
    "importance_score": 0.469246287056792,
    "layer_idx": 0,
    "head_idx": 34
  },
  "mlp_0_17": {
    "importance_score": 0.46785159849572877,
    "layer_idx": 0,
    "head_idx": 17
  },
  "mlp_0_15": {
    "importance_score": 0.46703803016844186,
    "layer_idx": 0,
    "head_idx": 15
  },
  "attn_0_4": {
    "importance_score": 0.4669155798334675,
    "layer_idx": 0,
    "head_idx": 4
  },
  "mlp_0_7": {
    "importance_score": 0.46534447977286497,
    "layer_idx": 0,
    "head_idx": 7
  },
  "mlp_0_48": {
    "importance_score": 0.46534447977286497,
    "layer_idx": 0,
    "head_idx": 48
  },
  "mlp_0_20": {
    "importance_score": 0.46466373892758406,
    "layer_idx": 0,
    "head_idx": 20
  },
  "mlp_0_14": {
    "importance_score": 0.4625218957802369,
    "layer_idx": 0,
    "head_idx": 14
  },
  "mlp_0_11": {
    "importance_score": 0.45978232896386256,
    "layer_idx": 0,
    "head_idx": 11
  },
  "mlp_0_30": {
    "importance_score": 0.45888574346032196,
    "layer_idx": 0,
    "head_idx": 30
  },
  "mlp_0_32": {
    "importance_score": 0.4586948039549383,
    "layer_idx": 0,
    "head_idx": 32
  },
  "mlp_0_60": {
    "importance_score": 0.45835443353229777,
    "layer_idx": 0,
    "head_idx": 60
  },
  "mlp_0_37": {
    "importance_score": 0.45687672779498073,
    "layer_idx": 0,
    "head_idx": 37
  },
  "mlp_0_58": {
    "importance_score": 0.4543364022016155,
    "layer_idx": 0,
    "head_idx": 58
  },
  "mlp_0_63": {
    "importance_score": 0.45417036784910797,
    "layer_idx": 0,
    "head_idx": 63
  },
  "mlp_0_41": {
    "importance_score": 0.45327378234556726,
    "layer_idx": 0,
    "head_idx": 41
  },
  "mlp_0_8": {
    "importance_score": 0.45222776592476976,
    "layer_idx": 0,
    "head_idx": 8
  },
  "mlp_0_50": {
    "importance_score": 0.4458354433532297,
    "layer_idx": 0,
    "head_idx": 50
  },
  "mlp_0_61": {
    "importance_score": 0.4382642768788862,
    "layer_idx": 0,
    "head_idx": 61
  },
  "mlp_0_44": {
    "importance_score": 0.43522584822799837,
    "layer_idx": 0,
    "head_idx": 44
  },
  "mlp_0_9": {
    "importance_score": 0.43004557642976327,
    "layer_idx": 0,
    "head_idx": 9
  },
  "mlp_0_62": {
    "importance_score": 0.427306009613389,
    "layer_idx": 0,
    "head_idx": 62
  },
  "mlp_0_26": {
    "importance_score": 0.42685771686161866,
    "layer_idx": 0,
    "head_idx": 26
  },
  "mlp_0_53": {
    "importance_score": 0.4146292867994388,
    "layer_idx": 0,
    "head_idx": 53
  },
  "mlp_0_38": {
    "importance_score": 0.41118407398490747,
    "layer_idx": 0,
    "head_idx": 38
  },
  "mlp_0_6": {
    "importance_score": 0.4110180396323999,
    "layer_idx": 0,
    "head_idx": 6
  },
  "mlp_0_4": {
    "importance_score": 0.41068597092738485,
    "layer_idx": 0,
    "head_idx": 4
  },
  "mlp_0_19": {
    "importance_score": 0.39859867006483635,
    "layer_idx": 0,
    "head_idx": 19
  },
  "mlp_0_27": {
    "importance_score": 0.39741982616203286,
    "layer_idx": 0,
    "head_idx": 27
  },
  "attn_0_3": {
    "importance_score": 0.3962783399885436,
    "layer_idx": 0,
    "head_idx": 3
  },
  "attn_0_7": {
    "importance_score": 0.3679663697418996,
    "layer_idx": 0,
    "head_idx": 7
  }
}