{"mlp_params":805306368,"mlp_sparsity":1.4044344425201416e-06,"power_watts":206.93,"_wandb":{"runtime":10},"attention_sparsity":1.484155654929431e-06,"compute_metrics":{"embedding_params":262668288,"mlp_params":805306368,"macs":253503380736,"attention_sparsity":1.484155654929431e-06,"flops":507006761472,"attention_params":167772160,"sparsity":1.3667848285381368e-06,"bandwidth_usage":1.953125,"attention_nonzero":167771911,"parameter_count":1235746816,"mlp_sparsity":1.4044344425201416e-06,"cache_hits":1,"active_parameter_count":1235745127,"mlp_nonzero":805305237,"activation_memory":2510.27001953125},"gpu_memory_mb":2366.26220703125,"mlp_nonzero":805305237,"_timestamp":1.7339630976412919e+09,"macs":253503380736,"throughput":38.350267130618846,"parameter_count":1235746816,"attention_params":167772160,"cache_hits":1,"accuracy":0.43496503496503497,"attention_nonzero":167771911,"activation_memory_mb":2510.27001953125,"embedding_params":262668288,"_step":0,"co2_emissions":4.78547794386175,"flops":507006761472,"memory_footprint":{"gpu_allocated":2366.26220703125,"gpu_cached":4820,"cpu_memory":1294.15234375},"latency_ms":26.075437664985657,"cost_metrics":{"gpu_time_cost":3.6215885645813414e-06,"memory_cost":1.6737554980049574e-06,"total_operation_cost":61.78725635,"inference_cost_usd":61.78726164534406},"_runtime":0.784940463,"bandwidth_usage":1.953125,"active_parameter_count":1235745127,"sparsity":1.3667848285381368e-06,"cost_per_inference":61.78726164534406}