{"embedding_params":262668288,"sparsity":1.3667848285381368e-06,"latency_ms":27.74682641029358,"macs":253503380736,"cost_per_inference":61.78726198476611,"attention_nonzero":167771911,"_timestamp":1.733593155035468e+09,"activation_memory_mb":2510.27001953125,"mlp_sparsity":1.4044344425201416e-06,"gpu_memory_mb":2366.26220703125,"active_parameter_count":1235745127,"throughput":36.04015771796582,"bandwidth_usage":-26.3671875,"attention_sparsity":1.484155654929431e-06,"memory_footprint":{"cpu_memory":1415.1328125,"gpu_allocated":2366.26220703125,"gpu_cached":4820},"_wandb":{"runtime":511},"mlp_params":805306368,"_step":0,"attention_params":167772160,"mlp_nonzero":805305237,"_runtime":165.842815564,"accuracy":0.43496503496503497,"flops":507006761472,"cache_hits":1,"parameter_count":1235746816,"co2_emissions":4.073895438795089,"power_watts":222.18}