{
  "sparsity_target": 0.4,
  "actual_sparsity": 0.4000004359654018,
  "total_parameters": 2818572288,
  "units_zeroed": {
    "total": {
      "count": 61167,
      "parameters": 1127430144,
      "percentage": 0.4000004359654018
    },
    "attention": {
      "count": 0,
      "parameters": 0,
      "percentage": 0.0
    },
    "mlp": {
      "count": 61167,
      "parameters": 1127430144,
      "percentage": 0.5333339146205357
    }
  },
  "initial_distribution": {
    "total_units": 114912,
    "attention": {
      "units": 224,
      "parameters": 704643072
    },
    "mlp": {
      "units": 114688,
      "parameters": 2113929216
    }
  },
  "timestamp": "2024-12-27_02-28-15"
}