{
  "accuracy": 0.43496503496503497,
  "latency_ms": 26.43728256225586,
  "throughput_samples_per_sec": 37.825370200025255,
  "memory_footprint_mb": {
    "gpu_allocated": 2366.26220703125,
    "gpu_cached": 18908.0,
    "cpu_memory": 1399.5078125
  },
  "parameter_count": 1235814400
}