{
  "sparsity_target": 0.1,
  "actual_sparsity": 0.10000084186422414,
  "total_parameters": 973078528,
  "units_zeroed": {
    "total": {
      "count": 7919,
      "parameters": 97308672,
      "percentage": 0.10000084186422414
    },
    "attention": {
      "count": 0,
      "parameters": 0,
      "percentage": 0.0
    },
    "mlp": {
      "count": 7919,
      "parameters": 97308672,
      "percentage": 0.1208343505859375
    }
  },
  "initial_distribution": {
    "total_units": 65664,
    "attention": {
      "units": 128,
      "parameters": 167772160
    },
    "mlp": {
      "units": 65536,
      "parameters": 805306368
    }
  },
  "timestamp": "2025-01-01_17-11-10"
}