{"attention_params":167772160,"throughput":38.350267130618846,"cost_metrics":{"total_operation_cost":61.78725635,"inference_cost_usd":61.78726164534406,"gpu_time_cost":3.6215885645813414e-06,"memory_cost":1.6737554980049574e-06},"parameter_count":1235746816,"power_watts":206.93,"cache_hits":1,"compute_metrics":{"attention_params":167772160,"attention_nonzero":167771911,"parameter_count":1235746816,"mlp_params":805306368,"sparsity":1.3667848285381368e-06,"flops":507006761472,"cache_hits":1,"activation_memory":2510.27001953125,"macs":253503380736,"mlp_nonzero":805305237,"attention_sparsity":1.484155654929431e-06,"active_parameter_count":1235745127,"bandwidth_usage":1.953125,"embedding_params":262668288,"mlp_sparsity":1.4044344425201416e-06},"_runtime":0.781460524,"accuracy":0.43496503496503497,"_step":0,"flops":507006761472,"active_parameter_count":1235745127,"co2_emissions":4.78547794386175,"_wandb":{"runtime":276},"attention_nonzero":167771911,"mlp_params":805306368,"mlp_sparsity":1.4044344425201416e-06,"memory_footprint":{"gpu_allocated":2366.26220703125,"gpu_cached":4820,"cpu_memory":1294.15234375},"embedding_params":262668288,"_timestamp":1.7340115913486996e+09,"activation_memory_mb":2510.27001953125,"cost_per_inference":61.78726164534406,"macs":253503380736,"mlp_nonzero":805305237,"sparsity":1.3667848285381368e-06,"latency_ms":26.075437664985657,"bandwidth_usage":1.953125,"gpu_memory_mb":2366.26220703125,"attention_sparsity":1.484155654929431e-06}