{"mlp_sparsity":1.4044344425201416e-06,"_timestamp":1.7348745703130503e+09,"embedding_params":262668288,"_wandb":{"runtime":238},"cost_metrics":{"memory_cost":1.6737554980049574e-06,"total_operation_cost":61.78725635,"inference_cost_usd":61.78726164534406,"gpu_time_cost":3.6215885645813414e-06},"_runtime":0.900269762,"parameter_count":1235746816,"attention_params":167772160,"latency_ms":26.075437664985657,"active_parameter_count":1235745127,"macs":253503380736,"mlp_nonzero":805305237,"cache_hits":1,"gpu_memory_mb":2366.26220703125,"power_watts":206.93,"_step":0,"accuracy":0.43496503496503497,"sparsity":1.3667848285381368e-06,"bandwidth_usage":1.953125,"co2_emissions":4.78547794386175,"flops":507006761472,"activation_memory_mb":2510.27001953125,"throughput":38.350267130618846,"memory_footprint":{"gpu_cached":4820,"cpu_memory":1294.15234375,"gpu_allocated":2366.26220703125},"attention_nonzero":167771911,"mlp_params":805306368,"cost_per_inference":61.78726164534406,"attention_sparsity":1.484155654929431e-06,"compute_metrics":{"attention_nonzero":167771911,"attention_sparsity":1.484155654929431e-06,"macs":253503380736,"mlp_sparsity":1.4044344425201416e-06,"sparsity":1.3667848285381368e-06,"attention_params":167772160,"cache_hits":1,"mlp_nonzero":805305237,"parameter_count":1235746816,"activation_memory":2510.27001953125,"mlp_params":805306368,"active_parameter_count":1235745127,"embedding_params":262668288,"flops":507006761472,"bandwidth_usage":1.953125}}