{
  "timestamp": "2025-01-01T19:59:38.752639",
  "model_type": "initial",
  "model_path": "/home/daniel.gebre/Thesis/LLM-Compression/models/Llama-3.2-1B",
  "adapter_path": null,
  "model_config": {
    "_name_or_path": "meta-llama/Llama-3.2-1B",
    "architectures": [
      "LlamaForCausalLM"
    ],
    "attention_bias": false,
    "attention_dropout": 0.0,
    "bos_token_id": 128000,
    "eos_token_id": 128001,
    "head_dim": 64,
    "hidden_act": "silu",
    "hidden_size": 2048,
    "initializer_range": 0.02,
    "intermediate_size": 8192,
    "max_position_embeddings": 131072,
    "mlp_bias": false,
    "model_type": "llama",
    "num_attention_heads": 32,
    "num_hidden_layers": 16,
    "num_key_value_heads": 8,
    "pretraining_tp": 1,
    "rms_norm_eps": 1e-05,
    "rope_scaling": {
      "factor": 32.0,
      "high_freq_factor": 4.0,
      "low_freq_factor": 1.0,
      "original_max_position_embeddings": 8192,
      "rope_type": "llama3"
    },
    "rope_theta": 500000.0,
    "tie_word_embeddings": true,
    "torch_dtype": "float16",
    "transformers_version": "4.47.1",
    "use_cache": true,
    "vocab_size": 128256
  },
  "sparsification_stats": null,
  "metrics": {
    "accuracy": {
      "mmlu": 0.3181171786120592,
      "openbookqa": 0.266,
      "winogrande": 0.6045777426992897,
      "hellaswag": 0.47739494124676357,
      "zero_shot_average": 0.44932422798201777
    },
    "latency_ms": 17.327487468719482,
    "throughput": 57.711771646365584,
    "parameter_count": 1235746816,
    "active_parameters": 1235745080,
    "sparsity": 1.4048185094095444e-06,
    "compute": {
      "flops": 507006729216,
      "macs": 253503364608,
      "memory_footprint": {
        "gpu_allocated": 2366.26220703125,
        "gpu_cached": 4820.0,
        "cpu_memory": 1736.578125
      },
      "activation_memory_mb": 2510.27001953125
    },
    "compute_metrics": {
      "flops": 507006729216,
      "macs": 253503364608,
      "parameter_count": 1235746816,
      "active_parameter_count": 1235745080,
      "sparsity": 1.4048185094095444e-06,
      "bandwidth_usage": -0.0029296875,
      "cache_hits": 1.0,
      "activation_memory": 2510.27001953125,
      "attention_params": 167772160,
      "attention_nonzero": 167771897,
      "attention_sparsity": 1.5676021576371824e-06,
      "mlp_params": 805306368,
      "mlp_nonzero": 805305188,
      "mlp_sparsity": 1.4652808507653603e-06,
      "embedding_params": 262668288
    },
    "cost_metrics": {
      "inference_cost_usd": 61.78725751882906,
      "gpu_time_cost": 2.406595481766595e-06,
      "memory_cost": 1.1122335812727455e-06,
      "total_operation_cost": 61.787254
    }
  }
}