{
  "sparsity_target": 0.15,
  "actual_sparsity": 0.15000261579241073,
  "total_parameters": 2818572288,
  "units_zeroed": {
    "total": {
      "count": 22938,
      "parameters": 422793216,
      "percentage": 0.15000261579241073
    },
    "attention": {
      "count": 0,
      "parameters": 0,
      "percentage": 0.0
    },
    "mlp": {
      "count": 22938,
      "parameters": 422793216,
      "percentage": 0.20000348772321427
    }
  },
  "initial_distribution": {
    "total_units": 114912,
    "attention": {
      "units": 224,
      "parameters": 704643072
    },
    "mlp": {
      "units": 114688,
      "parameters": 2113929216
    }
  },
  "timestamp": "2024-12-27_02-23-19"
}