{
  "sparsity_target": 0.05,
  "actual_sparsity": 0.05000087193080357,
  "total_parameters": 2818572288,
  "units_zeroed": {
    "total": {
      "count": 7646,
      "parameters": 140931072,
      "percentage": 0.05000087193080357
    },
    "attention": {
      "count": 0,
      "parameters": 0,
      "percentage": 0.0
    },
    "mlp": {
      "count": 7646,
      "parameters": 140931072,
      "percentage": 0.06666782924107142
    }
  },
  "initial_distribution": {
    "total_units": 114912,
    "attention": {
      "units": 224,
      "parameters": 704643072
    },
    "mlp": {
      "units": 114688,
      "parameters": 2113929216
    }
  },
  "timestamp": "2024-12-27_13-37-19"
}