{
  "initial_metrics": {
    "accuracy": 0.43566433566433566,
    "latency": 20.671892166137695,
    "throughput": 48.374865346776744,
    "parameter_count": 1235814400,
    "compute_metrics": {
      "flops": 632702369792.0,
      "macs": 1235746816.0,
      "parameter_count": 1235814400,
      "active_parameter_count": 1235812711,
      "sparsity": 1.3667100819958478e-06,
      "bandwidth_usage": 0.0,
      "cache_hits": 1.0,
      "activation_memory": 2509.52783203125
    },
    "environmental_metrics": {
      "co2_emissions": 0.8952208749143284,
      "energy_consumption": 8056.987874228955,
      "power_usage": 104.73
    },
    "cost_metrics": {
      "inference_cost_usd": 31635.118493798007,
      "gpu_time_cost": 2.871096134185791e-06,
      "memory_cost": 1.3269074756010468e-06,
      "total_operation_cost": 31635.118489600005
    },
    "memory_footprint": {
      "gpu_allocated": 2366.26220703125,
      "gpu_cached": 18908.0,
      "cpu_memory": 1526.8984375
    }
  },
  "final_metrics": {
    "accuracy": 0.43566433566433566,
    "latency": 20.327121019363403,
    "throughput": 49.195358213659986,
    "parameter_count": 1185413547,
    "compute_metrics": {
      "flops": 2370827094,
      "macs": 1185413547,
      "parameter_count": 1185413547,
      "active_parameter_count": 1185413547,
      "sparsity": 0.04073105295381152,
      "bandwidth_usage": 0.0,
      "cache_hits": 1.0,
      "activation_memory": 2606.27001953125
    },
    "environmental_metrics": {
      "co2_emissions": 0.9055346488836077,
      "energy_consumption": 8149.811839952468,
      "power_usage": 108.91
    },
    "cost_metrics": {
      "inference_cost_usd": 118.54135888092345,
      "gpu_time_cost": 2.8232112526893617e-06,
      "memory_cost": 1.357712181633275e-06,
      "total_operation_cost": 118.54135470000001
    },
    "memory_footprint": {
      "gpu_allocated": 2462.26220703125,
      "gpu_cached": 5044.0,
      "cpu_memory": 1607.5703125
    }
  },
  "pruning_summary": {
    "total_units_pruned": 1,
    "memory_reduction_mb": 96.0,
    "performance_impact": 0.0,
    "computational_savings": {
      "flops_reduction": 99.62528556756008,
      "latency_reduction": 1.6678257800660174,
      "throughput_improvement": 1.6961140067295555,
      "parameter_reduction": 4.078351328484278,
      "co2_reduction": -1.152092657609917,
      "cost_reduction": 99.62528555439373
    },
    "layer_statistics": {
      "15": {
        "attention_units": {
          "pruned": 0,
          "total": 8,
          "remaining": 8,
          "prune_ratio": 0.0
        },
        "mlp_units": {
          "pruned": 1,
          "total": 1024,
          "remaining": 1023,
          "prune_ratio": 0.0009765625
        },
        "memory_saved": 96.0
      }
    },
    "batch_statistics": [
      {
        "batch_number": 1,
        "units_pruned": 1,
        "accuracy": 0.43566433566433566,
        "accuracy_drop": 0.0,
        "memory_reduction": 96.0,
        "remaining_memory": 2270.26220703125
      }
    ]
  }
}