{
  "initial_metrics": {
    "accuracy": 0.43566433566433566,
    "flops": 632702369792.0,
    "co2_emissions": 0.8952208749143284,
    "cost_per_inference": 31635.118493798007,
    "memory_footprint": {
      "gpu_allocated": 2366.26220703125,
      "gpu_cached": 18908.0,
      "cpu_memory": 1526.8984375
    }
  },
  "pruning_results": {
    "total_units_pruned": 0,
    "memory_reduction_mb": 0.0,
    "final_accuracy": 0.24895104895104894,
    "performance_impact": 0.4285714285714286,
    "layer_statistics": {},
    "batch_statistics": [],
    "computational_savings": {
      "flops_reduction": 0.0,
      "co2_reduction": -72.25151400659708,
      "cost_reduction": -3.858911047491243e-09
    }
  }
}