{
  "initial_metrics": {
    "accuracy": 0.43566433566433566,
    "latency": 20.671892166137695,
    "throughput": 48.374865346776744,
    "parameter_count": 1235814400,
    "compute_metrics": {
      "flops": 632702369792.0,
      "macs": 1235746816.0,
      "parameter_count": 1235814400,
      "active_parameter_count": 1235812711,
      "sparsity": 1.3667100819958478e-06,
      "bandwidth_usage": 0.0,
      "cache_hits": 1.0,
      "activation_memory": 2509.52783203125
    },
    "environmental_metrics": {
      "co2_emissions": 0.8952208749143284,
      "energy_consumption": 8056.987874228955,
      "power_usage": 104.73
    },
    "cost_metrics": {
      "inference_cost_usd": 31635.118493798007,
      "gpu_time_cost": 2.871096134185791e-06,
      "memory_cost": 1.3269074756010468e-06,
      "total_operation_cost": 31635.118489600005
    },
    "memory_footprint": {
      "gpu_allocated": 2366.26220703125,
      "gpu_cached": 18908.0,
      "cpu_memory": 1526.8984375
    }
  },
  "final_metrics": {
    "accuracy": 0.43566433566433566,
    "latency": 20.74544131755829,
    "throughput": 48.20336114776365,
    "parameter_count": 1235746816,
    "compute_metrics": {
      "flops": 2370827094,
      "macs": 1185413547,
      "parameter_count": 1235746816,
      "active_parameter_count": 1185413547,
      "sparsity": 0.04073105295381152,
      "bandwidth_usage": 0.0,
      "cache_hits": 1.0,
      "activation_memory": 2606.27001953125
    },
    "environmental_metrics": {
      "co2_emissions": 0.8269064591905806,
      "energy_consumption": 7442.158132715225,
      "power_usage": 99.19
    },
    "cost_metrics": {
      "inference_cost_usd": 59.27068161696441,
      "gpu_time_cost": 2.881311294105318e-06,
      "memory_cost": 1.385653106673404e-06,
      "total_operation_cost": 59.27067735000001
    },
    "memory_footprint": {
      "gpu_allocated": 2462.26220703125,
      "gpu_cached": 5044.0,
      "cpu_memory": 1604.27734375
    }
  },
  "pruning_summary": {
    "total_units_pruned": 1,
    "memory_reduction_mb": 96.0,
    "performance_impact": 0.0,
    "computational_savings": {
      "flops_reduction": 99.62528556756008,
      "parameter_reduction": 0.005468782367319883,
      "latency_reduction": -0.3557930296340892,
      "throughput_improvement": -0.35453163080384725,
      "cost_reduction": 99.81264277031686
    },
    "layer_statistics": {
      "15": {
        "attention_units": {
          "pruned": 0,
          "total": 8,
          "remaining": 8,
          "prune_ratio": 0.0
        },
        "mlp_units": {
          "pruned": 1,
          "total": 1024,
          "remaining": 1023,
          "prune_ratio": 0.0009765625
        },
        "memory_saved": 96.0
      }
    },
    "batch_statistics": [
      {
        "batch_number": 1,
        "units_pruned": 1,
        "accuracy": 0.43566433566433566,
        "accuracy_drop": 0.0,
        "memory_reduction": 96.0,
        "remaining_memory": 2270.26220703125
      }
    ]
  }
}