{"sparsity":1.3667848285381368e-06,"_wandb":{"runtime":1},"co2_emissions":3.9282693535113338,"_runtime":0.831631847,"cache_hits":1,"bandwidth_usage":9.765625,"memory_footprint":{"cpu_memory":1414.28125,"gpu_allocated":2366.26220703125,"gpu_cached":4820},"cost_metrics":{"inference_cost_usd":61.78726154736513,"gpu_time_cost":3.5545788705348967e-06,"memory_cost":1.6427862584489362e-06,"total_operation_cost":61.78725635},"attention_params":167772160,"throughput":39.073233130423894,"embedding_params":262668288,"accuracy":0.43496503496503497,"_timestamp":1.733932401418176e+09,"gpu_memory_mb":2366.26220703125,"flops":507006761472,"attention_nonzero":167771911,"active_parameter_count":1235745127,"mlp_sparsity":1.4044344425201416e-06,"cost_per_inference":61.78726154736513,"mlp_nonzero":805305237,"_step":0,"macs":253503380736,"latency_ms":25.592967867851257,"mlp_params":805306368,"compute_metrics":{"embedding_params":262668288,"cache_hits":1,"sparsity":1.3667848285381368e-06,"flops":507006761472,"attention_sparsity":1.484155654929431e-06,"mlp_sparsity":1.4044344425201416e-06,"mlp_params":805306368,"active_parameter_count":1235745127,"macs":253503380736,"activation_memory":2510.27001953125,"bandwidth_usage":9.765625,"mlp_nonzero":805305237,"parameter_count":1235746816,"attention_nonzero":167771911,"attention_params":167772160},"parameter_count":1235746816,"power_watts":156.69,"activation_memory_mb":2510.27001953125,"attention_sparsity":1.484155654929431e-06}