{
  "sparsity_target": 0.3,
  "actual_sparsity": 0.30000523158482145,
  "total_parameters": 2818572288,
  "units_zeroed": {
    "total": {
      "count": 45876,
      "parameters": 845586432,
      "percentage": 0.30000523158482145
    },
    "attention": {
      "count": 0,
      "parameters": 0,
      "percentage": 0.0
    },
    "mlp": {
      "count": 45876,
      "parameters": 845586432,
      "percentage": 0.40000697544642855
    }
  },
  "initial_distribution": {
    "total_units": 114912,
    "attention": {
      "units": 224,
      "parameters": 704643072
    },
    "mlp": {
      "units": 114688,
      "parameters": 2113929216
    }
  },
  "timestamp": "2024-12-27_02-26-12"
}