{"compute_metrics":{"mlp_sparsity":1.4044344425201416e-06,"attention_sparsity":1.484155654929431e-06,"flops":507006761472,"mlp_params":805306368,"parameter_count":1235746816,"attention_params":167772160,"sparsity":1.3667848285381368e-06,"bandwidth_usage":1.953125,"cache_hits":1,"mlp_nonzero":805305237,"macs":253503380736,"active_parameter_count":1235745127,"attention_nonzero":167771911,"activation_memory":2510.27001953125,"embedding_params":262668288},"flops":507006761472,"_timestamp":1.7339622643643758e+09,"attention_nonzero":167771911,"cost_metrics":{"gpu_time_cost":3.6215885645813414e-06,"memory_cost":1.6737554980049574e-06,"total_operation_cost":61.78725635,"inference_cost_usd":61.78726164534406},"activation_memory_mb":2510.27001953125,"sparsity":1.3667848285381368e-06,"mlp_nonzero":805305237,"attention_params":167772160,"attention_sparsity":1.484155654929431e-06,"_wandb":{"runtime":4},"latency_ms":26.075437664985657,"_runtime":0.846023619,"mlp_sparsity":1.4044344425201416e-06,"bandwidth_usage":1.953125,"memory_footprint":{"gpu_allocated":2366.26220703125,"gpu_cached":4820,"cpu_memory":1294.15234375},"power_watts":206.93,"embedding_params":262668288,"_step":0,"parameter_count":1235746816,"active_parameter_count":1235745127,"co2_emissions":4.78547794386175,"mlp_params":805306368,"macs":253503380736,"throughput":38.350267130618846,"gpu_memory_mb":2366.26220703125,"cost_per_inference":61.78726164534406,"cache_hits":1,"accuracy":0.43496503496503497}