{
  "sparsity_target": 0.05,
  "actual_sparsity": 0.0500067349137931,
  "total_parameters": 973078528,
  "units_zeroed": {
    "total": {
      "count": 3960,
      "parameters": 48660480,
      "percentage": 0.0500067349137931
    },
    "attention": {
      "count": 0,
      "parameters": 0,
      "percentage": 0.0
    },
    "mlp": {
      "count": 3960,
      "parameters": 48660480,
      "percentage": 0.0604248046875
    }
  },
  "initial_distribution": {
    "total_units": 65664,
    "attention": {
      "units": 128,
      "parameters": 167772160
    },
    "mlp": {
      "units": 65536,
      "parameters": 805306368
    }
  },
  "timestamp": "2025-01-01_17-10-51"
}