{"_step":0,"memory_footprint":{"gpu_allocated":2366.26220703125,"gpu_cached":4820,"cpu_memory":1294.15234375},"bandwidth_usage":1.953125,"_wandb":{"runtime":156},"_runtime":0.851042527,"co2_emissions":4.78547794386175,"attention_sparsity":1.484155654929431e-06,"compute_metrics":{"sparsity":1.3667848285381368e-06,"attention_params":167772160,"activation_memory":2510.27001953125,"flops":507006761472,"mlp_nonzero":805305237,"embedding_params":262668288,"mlp_sparsity":1.4044344425201416e-06,"attention_sparsity":1.484155654929431e-06,"active_parameter_count":1235745127,"macs":253503380736,"mlp_params":805306368,"parameter_count":1235746816,"bandwidth_usage":1.953125,"cache_hits":1,"attention_nonzero":167771911},"cost_per_inference":61.78726164534406,"active_parameter_count":1235745127,"parameter_count":1235746816,"cache_hits":1,"macs":253503380736,"mlp_nonzero":805305237,"mlp_sparsity":1.4044344425201416e-06,"cost_metrics":{"gpu_time_cost":3.6215885645813414e-06,"memory_cost":1.6737554980049574e-06,"total_operation_cost":61.78725635,"inference_cost_usd":61.78726164534406},"activation_memory_mb":2510.27001953125,"latency_ms":26.075437664985657,"gpu_memory_mb":2366.26220703125,"embedding_params":262668288,"accuracy":0.43496503496503497,"sparsity":1.3667848285381368e-06,"attention_nonzero":167771911,"flops":507006761472,"mlp_params":805306368,"attention_params":167772160,"throughput":38.350267130618846,"_timestamp":1.7346377581151335e+09,"power_watts":206.93}