{
  "sparsity_target": 0.25,
  "actual_sparsity": 0.2500084186422414,
  "total_parameters": 973078528,
  "units_zeroed": {
    "total": {
      "count": 19798,
      "parameters": 243277824,
      "percentage": 0.2500084186422414
    },
    "attention": {
      "count": 0,
      "parameters": 0,
      "percentage": 0.0
    },
    "mlp": {
      "count": 19798,
      "parameters": 243277824,
      "percentage": 0.302093505859375
    }
  },
  "initial_distribution": {
    "total_units": 65664,
    "attention": {
      "units": 128,
      "parameters": 167772160
    },
    "mlp": {
      "units": 65536,
      "parameters": 805306368
    }
  },
  "timestamp": "2025-01-01_17-12-13"
}