{"activation_memory_mb":2510.27001953125,"bandwidth_usage":9.765625,"co2_emissions":3.9282693535113338,"cost_per_inference":61.78726154736513,"active_parameter_count":1235745127,"attention_sparsity":1.484155654929431e-06,"sparsity":1.3667848285381368e-06,"compute_metrics":{"flops":507006761472,"activation_memory":2510.27001953125,"attention_nonzero":167771911,"bandwidth_usage":9.765625,"active_parameter_count":1235745127,"cache_hits":1,"parameter_count":1235746816,"mlp_nonzero":805305237,"sparsity":1.3667848285381368e-06,"macs":253503380736,"mlp_params":805306368,"attention_sparsity":1.484155654929431e-06,"mlp_sparsity":1.4044344425201416e-06,"embedding_params":262668288,"attention_params":167772160},"gpu_memory_mb":2366.26220703125,"attention_nonzero":167771911,"macs":253503380736,"latency_ms":25.592967867851257,"mlp_params":805306368,"memory_footprint":{"cpu_memory":1414.28125,"gpu_allocated":2366.26220703125,"gpu_cached":4820},"accuracy":0.43496503496503497,"power_watts":156.69,"flops":507006761472,"cost_metrics":{"gpu_time_cost":3.5545788705348967e-06,"memory_cost":1.6427862584489362e-06,"total_operation_cost":61.78725635,"inference_cost_usd":61.78726154736513},"cache_hits":1,"_timestamp":1.7339494881869714e+09,"parameter_count":1235746816,"embedding_params":262668288,"_step":0,"attention_params":167772160,"_wandb":{"runtime":15},"_runtime":0.779644216,"throughput":39.073233130423894,"mlp_nonzero":805305237,"mlp_sparsity":1.4044344425201416e-06}