{"attention_nonzero":167771911,"attention_sparsity":1.484155654929431e-06,"compute_metrics":{"flops":507006761472,"mlp_sparsity":1.4044344425201416e-06,"macs":253503380736,"attention_sparsity":1.484155654929431e-06,"mlp_nonzero":805305237,"embedding_params":262668288,"activation_memory":2510.27001953125,"cache_hits":1,"active_parameter_count":1235745127,"attention_nonzero":167771911,"sparsity":1.3667848285381368e-06,"attention_params":167772160,"mlp_params":805306368,"bandwidth_usage":1.953125,"parameter_count":1235746816},"cost_metrics":{"gpu_time_cost":3.6215885645813414e-06,"memory_cost":1.6737554980049574e-06,"total_operation_cost":61.78725635,"inference_cost_usd":61.78726164534406},"mlp_sparsity":1.4044344425201416e-06,"throughput":38.350267130618846,"mlp_params":805306368,"_runtime":0.765209102,"accuracy":0.43496503496503497,"activation_memory_mb":2510.27001953125,"cache_hits":1,"memory_footprint":{"gpu_cached":4820,"cpu_memory":1294.15234375,"gpu_allocated":2366.26220703125},"macs":253503380736,"sparsity":1.3667848285381368e-06,"embedding_params":262668288,"_step":0,"power_watts":206.93,"latency_ms":26.075437664985657,"co2_emissions":4.78547794386175,"_timestamp":1.733961567959948e+09,"cost_per_inference":61.78726164534406,"mlp_nonzero":805305237,"flops":507006761472,"parameter_count":1235746816,"attention_params":167772160,"active_parameter_count":1235745127,"_wandb":{"runtime":4},"gpu_memory_mb":2366.26220703125,"bandwidth_usage":1.953125}