{
  "sparsity_target": 0.35,
  "actual_sparsity": 0.3500092605064655,
  "total_parameters": 973078528,
  "units_zeroed": {
    "total": {
      "count": 27717,
      "parameters": 340586496,
      "percentage": 0.3500092605064655
    },
    "attention": {
      "count": 0,
      "parameters": 0,
      "percentage": 0.0
    },
    "mlp": {
      "count": 27717,
      "parameters": 340586496,
      "percentage": 0.4229278564453125
    }
  },
  "initial_distribution": {
    "total_units": 65664,
    "attention": {
      "units": 128,
      "parameters": 167772160
    },
    "mlp": {
      "units": 65536,
      "parameters": 805306368
    }
  },
  "timestamp": "2024-12-27_13-28-42"
}