{"mlp_sparsity":1.4044344425201416e-06,"latency_ms":26.075437664985657,"embedding_params":262668288,"accuracy":0.43496503496503497,"compute_metrics":{"activation_memory":2510.27001953125,"attention_sparsity":1.484155654929431e-06,"embedding_params":262668288,"active_parameter_count":1235745127,"flops":507006761472,"mlp_params":805306368,"sparsity":1.3667848285381368e-06,"bandwidth_usage":1.953125,"mlp_sparsity":1.4044344425201416e-06,"mlp_nonzero":805305237,"cache_hits":1,"attention_params":167772160,"parameter_count":1235746816,"attention_nonzero":167771911,"macs":253503380736},"active_parameter_count":1235745127,"gpu_memory_mb":2366.26220703125,"cost_per_inference":61.78726164534406,"memory_footprint":{"cpu_memory":1294.15234375,"gpu_allocated":2366.26220703125,"gpu_cached":4820},"_wandb":{"runtime":199},"_runtime":0.975526814,"cost_metrics":{"inference_cost_usd":61.78726164534406,"gpu_time_cost":3.6215885645813414e-06,"memory_cost":1.6737554980049574e-06,"total_operation_cost":61.78725635},"macs":253503380736,"_step":0,"parameter_count":1235746816,"throughput":38.350267130618846,"power_watts":206.93,"mlp_nonzero":805305237,"mlp_params":805306368,"attention_params":167772160,"attention_sparsity":1.484155654929431e-06,"activation_memory_mb":2510.27001953125,"co2_emissions":4.78547794386175,"cache_hits":1,"_timestamp":1.7346262065944047e+09,"flops":507006761472,"bandwidth_usage":1.953125,"attention_nonzero":167771911,"sparsity":1.3667848285381368e-06}