{"active_parameter_count":1235745127,"accuracy":0.43496503496503497,"compute_metrics":{"flops":507006761472,"macs":253503380736,"active_parameter_count":1235745127,"mlp_sparsity":1.4044344425201416e-06,"mlp_params":805306368,"attention_sparsity":1.484155654929431e-06,"bandwidth_usage":1.953125,"mlp_nonzero":805305237,"sparsity":1.3667848285381368e-06,"attention_params":167772160,"embedding_params":262668288,"cache_hits":1,"activation_memory":2510.27001953125,"parameter_count":1235746816,"attention_nonzero":167771911},"parameter_count":1235746816,"throughput":38.350267130618846,"activation_memory_mb":2510.27001953125,"gpu_memory_mb":2366.26220703125,"_timestamp":1.7347948159056497e+09,"mlp_params":805306368,"attention_sparsity":1.484155654929431e-06,"macs":253503380736,"attention_params":167772160,"latency_ms":26.075437664985657,"memory_footprint":{"cpu_memory":1294.15234375,"gpu_allocated":2366.26220703125,"gpu_cached":4820},"sparsity":1.3667848285381368e-06,"mlp_sparsity":1.4044344425201416e-06,"_wandb":{"runtime":128},"cost_per_inference":61.78726164534406,"embedding_params":262668288,"mlp_nonzero":805305237,"power_watts":206.93,"cache_hits":1,"_runtime":0.8122317,"attention_nonzero":167771911,"flops":507006761472,"_step":0,"co2_emissions":4.78547794386175,"cost_metrics":{"total_operation_cost":61.78725635,"inference_cost_usd":61.78726164534406,"gpu_time_cost":3.6215885645813414e-06,"memory_cost":1.6737554980049574e-06},"bandwidth_usage":1.953125}