{
  "sparsity_target": 0.15,
  "actual_sparsity": 0.15000757677801724,
  "total_parameters": 973078528,
  "units_zeroed": {
    "total": {
      "count": 11879,
      "parameters": 145969152,
      "percentage": 0.15000757677801724
    },
    "attention": {
      "count": 0,
      "parameters": 0,
      "percentage": 0.0
    },
    "mlp": {
      "count": 11879,
      "parameters": 145969152,
      "percentage": 0.1812591552734375
    }
  },
  "initial_distribution": {
    "total_units": 65664,
    "attention": {
      "units": 128,
      "parameters": 167772160
    },
    "mlp": {
      "units": 65536,
      "parameters": 805306368
    }
  },
  "timestamp": "2024-12-27_13-27-25"
}