{"_runtime":0.789781667,"throughput":38.350267130618846,"attention_nonzero":167771911,"sparsity":1.3667848285381368e-06,"_timestamp":1.7347967313214934e+09,"co2_emissions":4.78547794386175,"mlp_nonzero":805305237,"_wandb":{"runtime":39},"parameter_count":1235746816,"flops":507006761472,"accuracy":0.43496503496503497,"memory_footprint":{"gpu_cached":4820,"cpu_memory":1294.15234375,"gpu_allocated":2366.26220703125},"latency_ms":26.075437664985657,"_step":0,"macs":253503380736,"cost_per_inference":61.78726164534406,"gpu_memory_mb":2366.26220703125,"attention_params":167772160,"cost_metrics":{"memory_cost":1.6737554980049574e-06,"total_operation_cost":61.78725635,"inference_cost_usd":61.78726164534406,"gpu_time_cost":3.6215885645813414e-06},"active_parameter_count":1235745127,"embedding_params":262668288,"mlp_sparsity":1.4044344425201416e-06,"attention_sparsity":1.484155654929431e-06,"cache_hits":1,"compute_metrics":{"attention_sparsity":1.484155654929431e-06,"mlp_sparsity":1.4044344425201416e-06,"mlp_params":805306368,"macs":253503380736,"mlp_nonzero":805305237,"embedding_params":262668288,"parameter_count":1235746816,"attention_nonzero":167771911,"bandwidth_usage":1.953125,"attention_params":167772160,"activation_memory":2510.27001953125,"active_parameter_count":1235745127,"flops":507006761472,"cache_hits":1,"sparsity":1.3667848285381368e-06},"mlp_params":805306368,"power_watts":206.93,"bandwidth_usage":1.953125,"activation_memory_mb":2510.27001953125}