{"macs":253503380736,"mlp_params":805306368,"cache_hits":1,"_runtime":0.76838771,"parameter_count":1235746816,"cost_metrics":{"inference_cost_usd":61.78726154736513,"gpu_time_cost":3.5545788705348967e-06,"memory_cost":1.6427862584489362e-06,"total_operation_cost":61.78725635},"attention_params":167772160,"gpu_memory_mb":2366.26220703125,"sparsity":1.3667848285381368e-06,"power_watts":156.69,"_timestamp":1.7339233154281328e+09,"embedding_params":262668288,"_wandb":{"runtime":14},"accuracy":0.43496503496503497,"mlp_sparsity":1.4044344425201416e-06,"latency_ms":25.592967867851257,"memory_footprint":{"gpu_cached":4820,"cpu_memory":1414.28125,"gpu_allocated":2366.26220703125},"flops":507006761472,"active_parameter_count":1235745127,"attention_nonzero":167771911,"activation_memory_mb":2510.27001953125,"attention_sparsity":1.484155654929431e-06,"cost_per_inference":61.78726154736513,"compute_metrics":{"activation_memory":2510.27001953125,"mlp_nonzero":805305237,"attention_params":167772160,"attention_nonzero":167771911,"flops":507006761472,"cache_hits":1,"mlp_params":805306368,"bandwidth_usage":9.765625,"sparsity":1.3667848285381368e-06,"macs":253503380736,"active_parameter_count":1235745127,"mlp_sparsity":1.4044344425201416e-06,"attention_sparsity":1.484155654929431e-06,"parameter_count":1235746816,"embedding_params":262668288},"throughput":39.073233130423894,"bandwidth_usage":9.765625,"_step":0,"co2_emissions":3.9282693535113338,"mlp_nonzero":805305237}