{"_timestamp":1.7340140500289679e+09,"activation_memory_mb":2510.27001953125,"sparsity":1.3667848285381368e-06,"throughput":38.350267130618846,"active_parameter_count":1235745127,"macs":253503380736,"mlp_nonzero":805305237,"memory_footprint":{"gpu_cached":4820,"cpu_memory":1294.15234375,"gpu_allocated":2366.26220703125},"cache_hits":1,"cost_per_inference":61.78726164534406,"flops":507006761472,"attention_params":167772160,"mlp_params":805306368,"cost_metrics":{"inference_cost_usd":61.78726164534406,"gpu_time_cost":3.6215885645813414e-06,"memory_cost":1.6737554980049574e-06,"total_operation_cost":61.78725635},"_step":0,"latency_ms":26.075437664985657,"bandwidth_usage":1.953125,"attention_sparsity":1.484155654929431e-06,"attention_nonzero":167771911,"co2_emissions":4.78547794386175,"compute_metrics":{"active_parameter_count":1235745127,"cache_hits":1,"embedding_params":262668288,"parameter_count":1235746816,"attention_nonzero":167771911,"attention_params":167772160,"mlp_nonzero":805305237,"flops":507006761472,"mlp_sparsity":1.4044344425201416e-06,"mlp_params":805306368,"attention_sparsity":1.484155654929431e-06,"activation_memory":2510.27001953125,"sparsity":1.3667848285381368e-06,"macs":253503380736,"bandwidth_usage":1.953125},"_wandb":{"runtime":5},"gpu_memory_mb":2366.26220703125,"power_watts":206.93,"embedding_params":262668288,"parameter_count":1235746816,"mlp_sparsity":1.4044344425201416e-06,"_runtime":0.786739632,"accuracy":0.43496503496503497}