{"attention_nonzero":167771911,"_step":0,"memory_footprint":{"cpu_memory":1294.15234375,"gpu_allocated":2366.26220703125,"gpu_cached":4820},"compute_metrics":{"bandwidth_usage":1.953125,"attention_params":167772160,"mlp_params":805306368,"parameter_count":1235746816,"activation_memory":2510.27001953125,"active_parameter_count":1235745127,"sparsity":1.3667848285381368e-06,"attention_nonzero":167771911,"flops":507006761472,"macs":253503380736,"embedding_params":262668288,"cache_hits":1,"mlp_nonzero":805305237,"attention_sparsity":1.484155654929431e-06,"mlp_sparsity":1.4044344425201416e-06},"attention_sparsity":1.484155654929431e-06,"power_watts":206.93,"co2_emissions":4.78547794386175,"throughput":38.350267130618846,"attention_params":167772160,"bandwidth_usage":1.953125,"latency_ms":26.075437664985657,"gpu_memory_mb":2366.26220703125,"cache_hits":1,"_timestamp":1.7340096294044862e+09,"_runtime":1.21361701,"mlp_sparsity":1.4044344425201416e-06,"parameter_count":1235746816,"active_parameter_count":1235745127,"embedding_params":262668288,"cost_metrics":{"total_operation_cost":61.78725635,"inference_cost_usd":61.78726164534406,"gpu_time_cost":3.6215885645813414e-06,"memory_cost":1.6737554980049574e-06},"flops":507006761472,"sparsity":1.3667848285381368e-06,"activation_memory_mb":2510.27001953125,"mlp_nonzero":805305237,"mlp_params":805306368,"_wandb":{"runtime":5},"cost_per_inference":61.78726164534406,"macs":253503380736,"accuracy":0.43496503496503497}