{"_timestamp":1.7335941632256417e+09,"_step":0,"attention_sparsity":1.484155654929431e-06,"mlp_sparsity":1.4044344425201416e-06,"attention_params":167772160,"cost_per_inference":61.78726139577588,"attention_nonzero":167771911,"cost_metrics":{"memory_cost":1.5948718385860874e-06,"total_operation_cost":61.78725635,"inference_cost_usd":61.78726139577588,"gpu_time_cost":3.450904041528702e-06},"compute_metrics":{"mlp_nonzero":805305237,"activation_memory":2510.27001953125,"sparsity":1.3667848285381368e-06,"bandwidth_usage":1.953125,"flops":507006761472,"mlp_sparsity":1.4044344425201416e-06,"parameter_count":1235746816,"attention_nonzero":167771911,"attention_sparsity":1.484155654929431e-06,"active_parameter_count":1235745127,"attention_params":167772160,"cache_hits":1,"mlp_params":805306368,"macs":253503380736,"embedding_params":262668288},"mlp_nonzero":805305237,"sparsity":1.3667848285381368e-06,"gpu_memory_mb":2366.26220703125,"throughput":40.24710256138072,"accuracy":0.43496503496503497,"memory_footprint":{"gpu_cached":4820,"cpu_memory":1409.8515625,"gpu_allocated":2366.26220703125},"macs":253503380736,"parameter_count":1235746816,"flops":507006761472,"latency_ms":24.846509099006653,"bandwidth_usage":1.953125,"_runtime":159.99642665,"mlp_params":805306368,"co2_emissions":3.723768097753525,"active_parameter_count":1235745127,"embedding_params":262668288,"power_watts":210.52,"cache_hits":1,"activation_memory_mb":2510.27001953125,"_wandb":{"runtime":551}}