{
  "sparsity_target": 0.2,
  "actual_sparsity": 0.2000016837284483,
  "total_parameters": 973078528,
  "units_zeroed": {
    "total": {
      "count": 15838,
      "parameters": 194617344,
      "percentage": 0.2000016837284483
    },
    "attention": {
      "count": 0,
      "parameters": 0,
      "percentage": 0.0
    },
    "mlp": {
      "count": 15838,
      "parameters": 194617344,
      "percentage": 0.241668701171875
    }
  },
  "initial_distribution": {
    "total_units": 65664,
    "attention": {
      "units": 128,
      "parameters": 167772160
    },
    "mlp": {
      "units": 65536,
      "parameters": 805306368
    }
  },
  "timestamp": "2024-12-27_01-59-43"
}