{
  "sparsity_target": 0.35,
  "actual_sparsity": 0.350006103515625,
  "total_parameters": 2818572288,
  "units_zeroed": {
    "total": {
      "count": 53522,
      "parameters": 986517504,
      "percentage": 0.350006103515625
    },
    "attention": {
      "count": 0,
      "parameters": 0,
      "percentage": 0.0
    },
    "mlp": {
      "count": 53522,
      "parameters": 986517504,
      "percentage": 0.4666748046875
    }
  },
  "initial_distribution": {
    "total_units": 114912,
    "attention": {
      "units": 224,
      "parameters": 704643072
    },
    "mlp": {
      "units": 114688,
      "parameters": 2113929216
    }
  },
  "timestamp": "2024-12-27_13-42-05"
}