{"cost_metrics":{"memory_cost":1.6737554980049574e-06,"total_operation_cost":61.78725635,"inference_cost_usd":61.78726164534406,"gpu_time_cost":3.6215885645813414e-06},"compute_metrics":{"mlp_sparsity":1.4044344425201416e-06,"macs":253503380736,"attention_sparsity":1.484155654929431e-06,"parameter_count":1235746816,"bandwidth_usage":1.953125,"activation_memory":2510.27001953125,"mlp_params":805306368,"active_parameter_count":1235745127,"attention_params":167772160,"embedding_params":262668288,"cache_hits":1,"flops":507006761472,"mlp_nonzero":805305237,"attention_nonzero":167771911,"sparsity":1.3667848285381368e-06},"mlp_nonzero":805305237,"attention_sparsity":1.484155654929431e-06,"sparsity":1.3667848285381368e-06,"_runtime":0.853426858,"_wandb":{"runtime":4},"memory_footprint":{"cpu_memory":1294.15234375,"gpu_allocated":2366.26220703125,"gpu_cached":4820},"embedding_params":262668288,"parameter_count":1235746816,"mlp_params":805306368,"throughput":38.350267130618846,"activation_memory_mb":2510.27001953125,"co2_emissions":4.78547794386175,"_timestamp":1.733962113359073e+09,"flops":507006761472,"macs":253503380736,"mlp_sparsity":1.4044344425201416e-06,"power_watts":206.93,"gpu_memory_mb":2366.26220703125,"cache_hits":1,"latency_ms":26.075437664985657,"attention_params":167772160,"active_parameter_count":1235745127,"_step":0,"bandwidth_usage":1.953125,"attention_nonzero":167771911,"accuracy":0.43496503496503497,"cost_per_inference":61.78726164534406}