{
  "sparsity_target": 0.5,
  "actual_sparsity": 0.5000021798270089,
  "total_parameters": 2818572288,
  "units_zeroed": {
    "total": {
      "count": 76459,
      "parameters": 1409292288,
      "percentage": 0.5000021798270089
    },
    "attention": {
      "count": 0,
      "parameters": 0,
      "percentage": 0.0
    },
    "mlp": {
      "count": 76459,
      "parameters": 1409292288,
      "percentage": 0.6666695731026786
    }
  },
  "initial_distribution": {
    "total_units": 114912,
    "attention": {
      "units": 224,
      "parameters": 704643072
    },
    "mlp": {
      "units": 114688,
      "parameters": 2113929216
    }
  },
  "timestamp": "2024-12-27_13-44-50"
}