{"power_watts":206.93,"mlp_params":805306368,"parameter_count":1235746816,"co2_emissions":4.78547794386175,"memory_footprint":{"cpu_memory":1294.15234375,"gpu_allocated":2366.26220703125,"gpu_cached":4820},"cost_metrics":{"inference_cost_usd":61.78726164534406,"gpu_time_cost":3.6215885645813414e-06,"memory_cost":1.6737554980049574e-06,"total_operation_cost":61.78725635},"attention_params":167772160,"gpu_memory_mb":2366.26220703125,"mlp_sparsity":1.4044344425201416e-06,"latency_ms":26.075437664985657,"_step":0,"bandwidth_usage":1.953125,"throughput":38.350267130618846,"cost_per_inference":61.78726164534406,"embedding_params":262668288,"flops":507006761472,"cache_hits":1,"active_parameter_count":1235745127,"macs":253503380736,"attention_sparsity":1.484155654929431e-06,"mlp_nonzero":805305237,"_wandb":{"runtime":26},"_runtime":3.761668163,"attention_nonzero":167771911,"sparsity":1.3667848285381368e-06,"_timestamp":1.7340136441297648e+09,"activation_memory_mb":2510.27001953125,"accuracy":0.43496503496503497,"compute_metrics":{"parameter_count":1235746816,"mlp_nonzero":805305237,"macs":253503380736,"sparsity":1.3667848285381368e-06,"attention_nonzero":167771911,"flops":507006761472,"attention_params":167772160,"attention_sparsity":1.484155654929431e-06,"mlp_sparsity":1.4044344425201416e-06,"bandwidth_usage":1.953125,"mlp_params":805306368,"active_parameter_count":1235745127,"embedding_params":262668288,"cache_hits":1,"activation_memory":2510.27001953125}}